SpaceID,BlockFace,latitude,longitude,location
V69,1 NORTH VENICE BL,33.984622,-118.470849,POINT(-118.470849 33.984622)
V70,1 NORTH VENICE BL,33.984593,-118.470898,POINT(-118.470898 33.984593)
V68,1 NORTH VENICE BL,33.984668,-118.470774,POINT(-118.470774 33.984668)
V67,1 NORTH VENICE BL,33.984769,-118.470606,POINT(-118.470606 33.984769)
CB4328,100 12TH ST,34.038419,-118.26075,POINT(-118.26075 34.038419)
CB1764,100 12TH ST,34.03725,-118.258913,POINT(-118.258913 34.03725)
CB1767,100 12TH ST,34.037132,-118.258734,POINT(-118.258734 34.037132)
CB1768,100 12TH ST,34.037093,-118.258672,POINT(-118.258672 34.037093)
CB1765,100 12TH ST,34.03722,-118.258866,POINT(-118.258866 34.03722)
CB4326,100 12TH ST,34.038542,-118.260943,POINT(-118.260943 34.038542)
CB4329,100 12TH ST,34.038373,-118.260681,POINT(-118.260681 34.038373)
CB2904,100 12TH ST,34.037804,-118.259796,POINT(-118.259796 34.037804)
CB2901,100 12TH ST,34.037914,-118.259967,POINT(-118.259967 34.037914)
CB3509,100 14TH PL,34.036049,-118.261646,POINT(-118.261646 34.036049)
CB3510,100 14TH PL,34.036077,-118.261694,POINT(-118.261694 34.036077)
CB1959,100 14TH ST,34.035099,-118.260942,POINT(-118.260942 34.035099)
CB1962,100 14TH ST,34.034994,-118.260752,POINT(-118.260752 34.034994)
CB1965,100 14TH ST,34.03483,-118.260455,POINT(-118.260455 34.03483)
CB1960,100 14TH ST,34.035067,-118.260885,POINT(-118.260885 34.035067)
CB1978,100 15TH ST,34.033972,-118.261577,POINT(-118.261577 34.033972)
CB1977,100 15TH ST,34.034016,-118.261656,POINT(-118.261656 34.034016)
CB1956,100 15TH ST,34.035113,-118.263594,POINT(-118.263594 34.035113)
CB1979,100 15TH ST,34.033879,-118.26141,POINT(-118.26141 34.033879)
CB1975,100 15TH ST,34.03409,-118.261789,POINT(-118.261789 34.03409)
CB1976,100 15TH ST,34.034043,-118.261705,POINT(-118.261705 34.034043)
CB4221,100 15TH ST,34.034679,-118.262834,POINT(-118.262834 34.034679)
CB1955A,100 15TH ST,34.035154,-118.263667,POINT(-118.263667 34.035154)
CB3992,100 16TH ST,34.03342,-118.262375,POINT(-118.262375 34.03342)
CB3995,100 16TH ST,34.033194,-118.261965,POINT(-118.261965 34.033194)
CB3998,100 16TH ST,34.033094,-118.261789,POINT(-118.261789 34.033094)
CB3996,100 16TH ST,34.033162,-118.261911,POINT(-118.261911 34.033162)
CB3994,100 16TH ST,34.033276,-118.262113,POINT(-118.262113 34.033276)
CB4115,100 17TH ST,34.033231,-118.263908,POINT(-118.263908 34.033231)
CB4108,100 17TH ST,34.032626,-118.262833,POINT(-118.262833 34.032626)
CB4104,100 17TH ST,34.032488,-118.262589,POINT(-118.262589 34.032488)
CB4112,100 17TH ST,34.033048,-118.26358,POINT(-118.26358 34.033048)
CB4110,100 17TH ST,34.032976,-118.263453,POINT(-118.263453 34.032976)
CB4113,100 17TH ST,34.033078,-118.263635,POINT(-118.263635 34.033078)
CB4107,100 17TH ST,34.032585,-118.262761,POINT(-118.262761 34.032585)
CB4106,100 17TH ST,34.032557,-118.262711,POINT(-118.262711 34.032557)
CB4111,100 17TH ST,34.033005,-118.263508,POINT(-118.263508 34.033005)
CB3011,100 4TH ST,34.048535,-118.247964,POINT(-118.247964 34.048535)
CB3027,100 4TH ST,34.047793,-118.246906,POINT(-118.246906 34.047793)
CB3029,100 4TH ST,34.047607,-118.246693,POINT(-118.246693 34.047607)
CB3013,100 4TH ST,34.048466,-118.247857,POINT(-118.247857 34.048466)
CB3010,100 4TH ST,34.048566,-118.248014,POINT(-118.248014 34.048566)
CB3008,100 4TH ST,34.048637,-118.248127,POINT(-118.248127 34.048637)
CB3025,100 4TH ST,34.047878,-118.247003,POINT(-118.247003 34.047878)
CB954,100 8TH ST,34.042053,-118.252591,POINT(-118.252591 34.042053)
CB3338,100 9TH ST,34.042115,-118.255872,POINT(-118.255872 34.042115)
CB3339A,100 9TH ST,34.041943,-118.255616,POINT(-118.255616 34.041943)
LT571,100 CENTRAL AVE,34.047924,-118.239232,POINT(-118.239232 34.047924)
LT573,100 CENTRAL AVE,34.048048,-118.239214,POINT(-118.239214 34.048048)
LT572,100 CENTRAL AVE,34.047997,-118.239221,POINT(-118.239221 34.047997)
AE224,100 HEWITT ST,34.048411,-118.236052,POINT(-118.236052 34.048411)
AE226,100 HEWITT ST,34.048411,-118.236052,POINT(-118.236052 34.048411)
AE225A,100 HEWITT ST,34.048411,-118.236052,POINT(-118.236052 34.048411)
AE228,100 HEWITT ST,34.048411,-118.236052,POINT(-118.236052 34.048411)
AE224A,100 HEWITT ST,34.048411,-118.236052,POINT(-118.236052 34.048411)
AE227,100 HEWITT ST,34.048411,-118.236052,POINT(-118.236052 34.048411)
AE226A,100 HEWITT ST,34.048411,-118.236052,POINT(-118.236052 34.048411)
CB2759,100 OLYMPIC BLVD,34.04053,-118.257054,POINT(-118.257054 34.04053)
CB263,100 PICO BLVD,34.037432,-118.261902,POINT(-118.261902 34.037432)
CB382,100 PICO BLVD,34.036064,-118.260068,POINT(-118.260068 34.036064)
CB384,100 PICO BLVD,34.035996,-118.259942,POINT(-118.259942 34.035996)
CB381,100 PICO BLVD,34.036106,-118.260145,POINT(-118.260145 34.036106)
CB385A,100 PICO BLVD,34.035852,-118.259686,POINT(-118.259686 34.035852)
AE350,100 VIGNES ST,34.049048,-118.233717,POINT(-118.233717 34.049048)
WP65,100 WASHINGTON BLVD,33.979898,-118.465142,POINT(-118.465142 33.979898)
WP67,100 WASHINGTON BLVD,33.980059,-118.464861,POINT(-118.464861 33.980059)
WP66,100 WASHINGTON BLVD,33.979931,-118.465085,POINT(-118.465085 33.979931)
WP66A,100 WASHINGTON BLVD,33.979974,-118.46501,POINT(-118.46501 33.979974)
CB1841,100 WINSTON ST,34.046817,-118.247146,POINT(-118.247146 34.046817)
CB1840,100 WINSTON ST,34.046858,-118.24718,POINT(-118.24718 34.046858)
C1212A,1000 30TH ST,34.027284,-118.284632,POINT(-118.284632 34.027284)
C1211A,1000 30TH ST,34.027285,-118.284791,POINT(-118.284791 34.027285)
C1211,1000 30TH ST,34.027283,-118.284843,POINT(-118.284843 34.027283)
C1213,1000 30TH ST,34.027282,-118.284523,POINT(-118.284523 34.027282)
C1212,1000 30TH ST,34.027282,-118.284745,POINT(-118.284745 34.027282)
C1214,1000 30TH ST,34.027282,-118.284432,POINT(-118.284432 34.027282)
C1215,1000 30TH ST,34.027281,-118.284366,POINT(-118.284366 34.027281)
C201,1000 39TH PL,34.014074,-118.292029,POINT(-118.292029 34.014074)
C202,1000 39TH PL,34.014074,-118.291966,POINT(-118.291966 34.014074)
CB1066,1000 BROADWAY,34.040154,-118.258181,POINT(-118.258181 34.040154)
CB1068,1000 BROADWAY,34.040426,-118.25783,POINT(-118.25783 34.040426)
CB1072,1000 BROADWAY,34.040668,-118.257537,POINT(-118.257537 34.040668)
CB1069,1000 BROADWAY,34.04048,-118.257765,POINT(-118.257765 34.04048)
CB1065B,1000 BROADWAY,34.039882,-118.25851,POINT(-118.25851 34.039882)
CB1070,1000 BROADWAY,34.040574,-118.257652,POINT(-118.257652 34.040574)
CB1065A,1000 BROADWAY,34.039828,-118.258576,POINT(-118.258576 34.039828)
CB1071,1000 BROADWAY,34.040614,-118.257605,POINT(-118.257605 34.040614)
C236,1000 BROWNING BLVD,34.01203,-118.29212,POINT(-118.29212 34.01203)
C237,1000 BROWNING BLVD,34.01203,-118.291979,POINT(-118.291979 34.01203)
C230,1000 BROWNING BLVD,34.012031,-118.292576,POINT(-118.292576 34.012031)
C233,1000 BROWNING BLVD,34.01203,-118.29233,POINT(-118.29233 34.01203)
C234,1000 BROWNING BLVD,34.012029,-118.292272,POINT(-118.292272 34.012029)
C229,1000 BROWNING BLVD,34.012031,-118.292632,POINT(-118.292632 34.012031)
C238,1000 BROWNING BLVD,34.01203,-118.29189,POINT(-118.29189 34.01203)
CB927,1000 FLOWER ST,34.044145,-118.262857,POINT(-118.262857 34.044145)
CB933,1000 FLOWER ST,34.043554,-118.263407,POINT(-118.263407 34.043554)
CB942,1000 FLOWER ST,34.043077,-118.263886,POINT(-118.263886 34.043077)
WV98,1000 GAYLEY AVE,34.060567,-118.446629,POINT(-118.446629 34.060567)
WV106,1000 GAYLEY AVE,34.060995,-118.446998,POINT(-118.446998 34.060995)
WV99,1000 GAYLEY AVE,34.060614,-118.446668,POINT(-118.446668 34.060614)
WV118,1000 GAYLEY AVE,34.06178,-118.447674,POINT(-118.447674 34.06178)
WV351,1000 GLENDON AVE,34.061855,-118.444134,POINT(-118.444134 34.061855)
WV349,1000 GLENDON AVE,34.061763,-118.444152,POINT(-118.444152 34.061763)
WV350,1000 GLENDON AVE,34.061797,-118.444143,POINT(-118.444143 34.061797)
CB1291,1000 GRAND AVE,34.042683,-118.260787,POINT(-118.260787 34.042683)
CB1294,1000 GRAND AVE,34.04182,-118.261628,POINT(-118.261628 34.04182)
CB1293,1000 GRAND AVE,34.041857,-118.261593,POINT(-118.261593 34.041857)
WV597,1000 HILGARD AVE,34.061271,-118.441584,POINT(-118.441584 34.061271)
WV596,1000 HILGARD AVE,34.061108,-118.441613,POINT(-118.441613 34.061108)
WV594,1000 HILGARD AVE,34.060954,-118.441643,POINT(-118.441643 34.060954)
WV591,1000 HILGARD AVE,34.060776,-118.441705,POINT(-118.441705 34.060776)
WV595,1000 HILGARD AVE,34.06105,-118.441622,POINT(-118.441622 34.06105)
WV593,1000 HILGARD AVE,34.060905,-118.441658,POINT(-118.441658 34.060905)
WV599,1000 HILGARD AVE,34.061397,-118.441564,POINT(-118.441564 34.061397)
WV592,1000 HILGARD AVE,34.060828,-118.441684,POINT(-118.441684 34.060828)
CB1133,1000 HILL ST,34.040437,-118.25944,POINT(-118.25944 34.040437)
CB1136,1000 HILL ST,34.040695,-118.259194,POINT(-118.259194 34.040695)
CB1137A,1000 HILL ST,34.041027,-118.258875,POINT(-118.258875 34.041027)
CB1134,1000 HILL ST,34.040495,-118.259384,POINT(-118.259384 34.040495)
CB1137,1000 HILL ST,34.040924,-118.258971,POINT(-118.258971 34.040924)
CB1138A,1000 HILL ST,34.041027,-118.258875,POINT(-118.258875 34.041027)
CB1138,1000 HILL ST,34.04097,-118.258934,POINT(-118.258934 34.04097)
CB1139,1000 HILL ST,34.041029,-118.258877,POINT(-118.258877 34.041029)
CB1375,1000 HOPE ST,34.043365,-118.261893,POINT(-118.261893 34.043365)
CB1371,1000 HOPE ST,34.04305,-118.262185,POINT(-118.262185 34.04305)
CB1372,1000 HOPE ST,34.043206,-118.262039,POINT(-118.262039 34.043206)
C211,1000 LEIGHTON AVE,34.013166,-118.291868,POINT(-118.291868 34.013166)
C212,1000 LEIGHTON AVE,34.013166,-118.291792,POINT(-118.291792 34.013166)
CB1651,1000 LOS ANGELES ST,34.039322,-118.256055,POINT(-118.256055 34.039322)
CB1647,1000 LOS ANGELES ST,34.038855,-118.256679,POINT(-118.256679 34.038855)
CB1650,1000 LOS ANGELES ST,34.03929,-118.256107,POINT(-118.256107 34.03929)
CB1645,1000 LOS ANGELES ST,34.038797,-118.256724,POINT(-118.256724 34.038797)
CB984,1000 MAPLE AVE,34.037748,-118.254526,POINT(-118.254526 34.037748)
CB981,1000 MAPLE AVE,34.03756,-118.254697,POINT(-118.254697 34.03756)
CB979,1000 MAPLE AVE,34.037455,-118.254782,POINT(-118.254782 34.037455)
CB980,1000 MAPLE AVE,34.037517,-118.254732,POINT(-118.254732 34.037517)
CB987,1000 MAPLE AVE,34.037897,-118.25436,POINT(-118.25436 34.037897)
CB978,1000 MAPLE AVE,34.037295,-118.25491,POINT(-118.25491 34.037295)
CT582,1000 NORTH BROADWAY,34.067442,-118.235008,POINT(-118.235008 34.067442)
CB1200,1000 OLIVE ST,34.0414,-118.260254,POINT(-118.260254 34.0414)
CB1200A,1000 OLIVE ST,34.041441,-118.260215,POINT(-118.260215 34.041441)
CB1198A,1000 OLIVE ST,34.041248,-118.260395,POINT(-118.260395 34.041248)
CB1199,1000 OLIVE ST,34.041304,-118.260343,POINT(-118.260343 34.041304)
CB1201A,1000 OLIVE ST,34.041541,-118.260122,POINT(-118.260122 34.041541)
CB1199A,1000 OLIVE ST,34.041346,-118.260304,POINT(-118.260304 34.041346)
CB1810,1000 SANTEE ST,34.03836,-118.255596,POINT(-118.255596 34.03836)
CB1805,1000 SANTEE ST,34.038004,-118.255884,POINT(-118.255884 34.038004)
CB1813,1000 SANTEE ST,34.038504,-118.255416,POINT(-118.255416 34.038504)
CB1814,1000 SANTEE ST,34.038541,-118.255365,POINT(-118.255365 34.038541)
CB1804,1000 SANTEE ST,34.037938,-118.255934,POINT(-118.255934 34.037938)
CB1811,1000 SANTEE ST,34.03842,-118.255533,POINT(-118.255533 34.03842)
CB1809,1000 SANTEE ST,34.038112,-118.255801,POINT(-118.255801 34.038112)
WV488,1000 TIVERTON AVE,34.060265,-118.4432,POINT(-118.4432 34.060265)
WV488A,1000 TIVERTON AVE,34.060314,-118.443188,POINT(-118.443188 34.060314)
CB4240,1000 WALL ST,34.037332,-118.253276,POINT(-118.253276 34.037332)
CB4225,1000 WALL ST,34.036592,-118.25398,POINT(-118.25398 34.036592)
CB4239,1000 WALL ST,34.037294,-118.253317,POINT(-118.253317 34.037294)
CB4236,1000 WALL ST,34.037142,-118.253478,POINT(-118.253478 34.037142)
CB4237,1000 WALL ST,34.037199,-118.25342,POINT(-118.25342 34.037199)
CB4230,1000 WALL ST,34.036869,-118.253756,POINT(-118.253756 34.036869)
CB4232,1000 WALL ST,34.036964,-118.25367,POINT(-118.25367 34.036964)
CB4234,1000 WALL ST,34.037054,-118.253573,POINT(-118.253573 34.037054)
CB4229,1000 WALL ST,34.036808,-118.253806,POINT(-118.253806 34.036808)
CB4231,1000 WALL ST,34.036909,-118.253725,POINT(-118.253725 34.036909)
WV378,1000 WESTWOOD BLVD,34.061219,-118.445253,POINT(-118.445253 34.061219)
WV377A,1000 WESTWOOD BLVD,34.061166,-118.445254,POINT(-118.445254 34.061166)
WV382,1000 WESTWOOD BLVD,34.061686,-118.445242,POINT(-118.445242 34.061686)
WV383,1000 WESTWOOD BLVD,34.061745,-118.44524,POINT(-118.44524 34.061745)
WV379,1000 WESTWOOD BLVD,34.061351,-118.445249,POINT(-118.445249 34.061351)
WV385,1000 WESTWOOD BLVD,34.061951,-118.445239,POINT(-118.445239 34.061951)
WV378A,1000 WESTWOOD BLVD,34.061295,-118.445249,POINT(-118.445249 34.061295)
WV387,1000 WESTWOOD BLVD,34.062077,-118.445235,POINT(-118.445235 34.062077)
CT1,1001 ALAMEDA ST,34.06022,-118.236745,POINT(-118.236745 34.06022)
CT513,1001 ALAMEDA ST,34.06125,-118.236528,POINT(-118.236528 34.06125)
CT514,1001 ALAMEDA ST,34.061199,-118.236538,POINT(-118.236538 34.061199)
CT512,1001 ALAMEDA ST,34.061329,-118.23651,POINT(-118.23651 34.061329)
C224,1001 BROWNING BLVD,34.01214,-118.292058,POINT(-118.292058 34.01214)
C223,1001 BROWNING BLVD,34.012141,-118.292002,POINT(-118.292002 34.012141)
WV40,1001 GAYLEY AVE,34.061228,-118.447496,POINT(-118.447496 34.061228)
WV38,1001 GAYLEY AVE,34.061442,-118.447682,POINT(-118.447682 34.061442)
WV41,1001 GAYLEY AVE,34.061183,-118.447458,POINT(-118.447458 34.061183)
WV47,1001 GAYLEY AVE,34.06086,-118.447179,POINT(-118.447179 34.06086)
WV51,1001 GAYLEY AVE,34.060561,-118.446924,POINT(-118.446924 34.060561)
WV45,1001 GAYLEY AVE,34.060971,-118.447275,POINT(-118.447275 34.060971)
CB1309,1001 GRAND AVE,34.04252,-118.261189,POINT(-118.261189 34.04252)
CB1308A,1001 GRAND AVE,34.042565,-118.261149,POINT(-118.261149 34.042565)
WV474,1001 HILGARD AVE,34.060751,-118.44192,POINT(-118.44192 34.060751)
WV473,1001 HILGARD AVE,34.060797,-118.441894,POINT(-118.441894 34.060797)
WV467,1001 HILGARD AVE,34.061369,-118.441753,POINT(-118.441753 34.061369)
WV478,1001 HILGARD AVE,34.06044,-118.442218,POINT(-118.442218 34.06044)
WV477,1001 HILGARD AVE,34.060477,-118.442171,POINT(-118.442171 34.060477)
WV476,1001 HILGARD AVE,34.060529,-118.442109,POINT(-118.442109 34.060529)
WV472,1001 HILGARD AVE,34.060868,-118.441865,POINT(-118.441865 34.060868)
WV466,1001 HILGARD AVE,34.061439,-118.441741,POINT(-118.441741 34.061439)
WV475,1001 HILGARD AVE,34.060571,-118.442065,POINT(-118.442065 34.060571)
WV468,1001 HILGARD AVE,34.061314,-118.441762,POINT(-118.441762 34.061314)
CB1154,1001 HILL ST,34.041158,-118.259006,POINT(-118.259006 34.041158)
CB1156,1001 HILL ST,34.040682,-118.259454,POINT(-118.259454 34.040682)
CB1155,1001 HILL ST,34.040825,-118.25932,POINT(-118.25932 34.040825)
CB1449A,1001 HOPE ST,34.04256,-118.2629,POINT(-118.2629 34.04256)
C210,1001 LEIGHTON AVE,34.013274,-118.292076,POINT(-118.292076 34.013274)
C208,1001 LEIGHTON AVE,34.013274,-118.291923,POINT(-118.291923 34.013274)
C209,1001 LEIGHTON AVE,34.013273,-118.292008,POINT(-118.292008 34.013273)
CB1536,1001 LOS ANGELES ST,34.038925,-118.256812,POINT(-118.256812 34.038925)
CB1533,1001 LOS ANGELES ST,34.039183,-118.256564,POINT(-118.256564 34.039183)
CB1539,1001 LOS ANGELES ST,34.038783,-118.256927,POINT(-118.256927 34.038783)
CB1538,1001 LOS ANGELES ST,34.038822,-118.256894,POINT(-118.256894 34.038822)
CB1534,1001 LOS ANGELES ST,34.039028,-118.256729,POINT(-118.256729 34.039028)
CB4423,1001 MAIN ST,34.03973,-118.257792,POINT(-118.257792 34.03973)
CB4422,1001 MAIN ST,34.039819,-118.25772,POINT(-118.25772 34.039819)
CB4420,1001 MAIN ST,34.039931,-118.25763,POINT(-118.25763 34.039931)
CB4424,1001 MAIN ST,34.03964,-118.257863,POINT(-118.257863 34.03964)
CB4418,1001 MAIN ST,34.040033,-118.257546,POINT(-118.257546 34.040033)
CB4419,1001 MAIN ST,34.039987,-118.257586,POINT(-118.257586 34.039987)
CB1568,1001 MAPLE AVE,34.037811,-118.254676,POINT(-118.254676 34.037811)
CB1562,1001 MAPLE AVE,34.038085,-118.254371,POINT(-118.254371 34.038085)
CB1563,1001 MAPLE AVE,34.03803,-118.254432,POINT(-118.254432 34.03803)
CB1564,1001 MAPLE AVE,34.037992,-118.254474,POINT(-118.254474 34.037992)
CB1573,1001 MAPLE AVE,34.037544,-118.254902,POINT(-118.254902 34.037544)
CB1570,1001 MAPLE AVE,34.037708,-118.25477,POINT(-118.25477 34.037708)
CB1572,1001 MAPLE AVE,34.037603,-118.254854,POINT(-118.254854 34.037603)
CB1567,1001 MAPLE AVE,34.037845,-118.254638,POINT(-118.254638 34.037845)
CB1218,1001 OLIVE ST,34.042044,-118.259905,POINT(-118.259905 34.042044)
CB1222,1001 OLIVE ST,34.041485,-118.260426,POINT(-118.260426 34.041485)
CB1221,1001 OLIVE ST,34.041545,-118.260372,POINT(-118.260372 34.041545)
CB1226,1001 OLIVE ST,34.041209,-118.260684,POINT(-118.260684 34.041209)
CB4274,1001 SAN JULIAN ST,34.036483,-118.252725,POINT(-118.252725 34.036483)
CB4272,1001 SAN JULIAN ST,34.036625,-118.252591,POINT(-118.252591 34.036625)
CB4272A,1001 SAN JULIAN ST,34.036582,-118.252632,POINT(-118.252632 34.036582)
CB4271A,1001 SAN JULIAN ST,34.036777,-118.252444,POINT(-118.252444 34.036777)
CB4275,1001 SAN JULIAN ST,34.036435,-118.25277,POINT(-118.25277 34.036435)
CB4271,1001 SAN JULIAN ST,34.036823,-118.252398,POINT(-118.252398 34.036823)
CB4277,1001 SAN JULIAN ST,34.036341,-118.252857,POINT(-118.252857 34.036341)
CB785,1001 SANTEE ST,34.038445,-118.255657,POINT(-118.255657 34.038445)
CB788,1001 SANTEE ST,34.038233,-118.255828,POINT(-118.255828 34.038233)
CB790,1001 SANTEE ST,34.038131,-118.255914,POINT(-118.255914 34.038131)
CB781,1001 SANTEE ST,34.038721,-118.25531,POINT(-118.25531 34.038721)
CB791,1001 SANTEE ST,34.038073,-118.255958,POINT(-118.255958 34.038073)
CB784,1001 SANTEE ST,34.038479,-118.255618,POINT(-118.255618 34.038479)
CB792,1001 SANTEE ST,34.038026,-118.255996,POINT(-118.255996 34.038026)
WV451,1001 TIVERTON AVE,34.061806,-118.442983,POINT(-118.442983 34.061806)
WV445,1001 TIVERTON AVE,34.060858,-118.443186,POINT(-118.443186 34.060858)
WV450,1001 TIVERTON AVE,34.061752,-118.442995,POINT(-118.442995 34.061752)
WV449,1001 TIVERTON AVE,34.061681,-118.443013,POINT(-118.443013 34.061681)
WV444,1001 TIVERTON AVE,34.060807,-118.443199,POINT(-118.443199 34.060807)
WV439,1001 TIVERTON AVE,34.060227,-118.443337,POINT(-118.443337 34.060227)
WV446,1001 TIVERTON AVE,34.061297,-118.443104,POINT(-118.443104 34.061297)
WV447,1001 TIVERTON AVE,34.061556,-118.443042,POINT(-118.443042 34.061556)
WV448,1001 TIVERTON AVE,34.061629,-118.443025,POINT(-118.443025 34.061629)
WV438,1001 TIVERTON AVE,34.060178,-118.443349,POINT(-118.443349 34.060178)
WV452,1001 TIVERTON AVE,34.061877,-118.442965,POINT(-118.442965 34.061877)
WV446A,1001 TIVERTON AVE,34.06151,-118.443054,POINT(-118.443054 34.06151)
ED635,1001 TOWNE AVE,34.033163,-118.250429,POINT(-118.250429 34.033163)
CB3958A,1001 WALL ST,34.037357,-118.253466,POINT(-118.253466 34.037357)
CB3961,1001 WALL ST,34.037112,-118.25373,POINT(-118.25373 34.037112)
CB3964,1001 WALL ST,34.036712,-118.254053,POINT(-118.254053 34.036712)
CB3961A,1001 WALL ST,34.037052,-118.253782,POINT(-118.253782 34.037052)
CB3959,1001 WALL ST,34.037302,-118.253524,POINT(-118.253524 34.037302)
CB3960,1001 WALL ST,34.037208,-118.253626,POINT(-118.253626 34.037208)
CB618,101 11TH ST,34.038677,-118.257422,POINT(-118.257422 34.038677)
CB617,101 11TH ST,34.038634,-118.257354,POINT(-118.257354 34.038634)
CB624,101 11TH ST,34.038935,-118.257821,POINT(-118.257821 34.038935)
CB619,101 11TH ST,34.038713,-118.257478,POINT(-118.257478 34.038713)
CB1742,101 12TH ST,34.037452,-118.25906,POINT(-118.25906 34.037452)
CB1741,101 12TH ST,34.037486,-118.25911,POINT(-118.25911 34.037486)
CB1747,101 12TH ST,34.03719,-118.258647,POINT(-118.258647 34.03719)
CB1748,101 12TH ST,34.03716,-118.258597,POINT(-118.258597 34.03716)
CB1105,101 12TH ST,34.038547,-118.260717,POINT(-118.260717 34.038547)
CB1743,101 12TH ST,34.037408,-118.258992,POINT(-118.258992 34.037408)
CB1107,101 12TH ST,34.038625,-118.260837,POINT(-118.260837 34.038625)
CB3513,101 14TH PL,34.036564,-118.262332,POINT(-118.262332 34.036564)
CB3512,101 14TH PL,34.036533,-118.262279,POINT(-118.262279 34.036533)
CB312,101 14TH ST,34.035328,-118.261946,POINT(-118.261946 34.035328)
CB309,101 14TH ST,34.035226,-118.261765,POINT(-118.261765 34.035226)
CB279,101 14TH ST,34.035879,-118.262931,POINT(-118.262931 34.035879)
CB1970,101 14TH ST,34.03512,-118.26072,POINT(-118.26072 34.03512)
CB276,101 14TH ST,34.035708,-118.26263,POINT(-118.26263 34.035708)
CB278,101 14TH ST,34.035849,-118.262879,POINT(-118.262879 34.035849)
CB1971,101 14TH ST,34.035152,-118.260775,POINT(-118.260775 34.035152)
CB277,101 14TH ST,34.035738,-118.262681,POINT(-118.262681 34.035738)
CB280A,101 14TH ST,34.036011,-118.263158,POINT(-118.263158 34.036011)
CB278A,101 14TH ST,34.035874,-118.26288,POINT(-118.26288 34.035874)
CB308,101 14TH ST,34.035182,-118.261692,POINT(-118.261692 34.035182)
CB1973,101 14TH ST,34.035226,-118.260906,POINT(-118.260906 34.035226)
CB1998,101 15TH ST,34.033984,-118.261349,POINT(-118.261349 34.033984)
CB4218,101 15TH ST,34.034631,-118.262491,POINT(-118.262491 34.034631)
CB1997,101 15TH ST,34.033944,-118.261273,POINT(-118.261273 34.033944)
CB2004,101 15TH ST,34.034224,-118.261771,POINT(-118.261771 34.034224)
CB2003,101 15TH ST,34.034189,-118.26171,POINT(-118.26171 34.034189)
CB4220,101 15TH ST,34.034797,-118.262787,POINT(-118.262787 34.034797)
CB3988,101 16TH ST,34.033242,-118.261797,POINT(-118.261797 34.033242)
CB3989,101 16TH ST,34.033269,-118.261847,POINT(-118.261847 34.033269)
CB3990,101 16TH ST,34.033474,-118.262211,POINT(-118.262211 34.033474)
CB4094,101 17TH ST,34.032808,-118.262899,POINT(-118.262899 34.032808)
CB4101B,101 17TH ST,34.03392,-118.264876,POINT(-118.264876 34.03392)
CB4101A,101 17TH ST,34.03389,-118.264824,POINT(-118.264824 34.03389)
CB4097,101 17TH ST,34.033233,-118.263654,POINT(-118.263654 34.033233)
CB4101,101 17TH ST,34.033375,-118.263905,POINT(-118.263905 34.033375)
CB4100,101 17TH ST,34.033345,-118.263854,POINT(-118.263854 34.033345)
CB4088,101 17TH ST,34.032517,-118.262386,POINT(-118.262386 34.032517)
CB3006,101 4TH ST,34.0486,-118.247829,POINT(-118.247829 34.0486)
CB3005A,101 4TH ST,34.048669,-118.24794,POINT(-118.24794 34.048669)
CB3021,101 4TH ST,34.047548,-118.246428,POINT(-118.246428 34.047548)
CB3005B,101 4TH ST,34.04863,-118.247878,POINT(-118.247878 34.04863)
CB3006A,101 4TH ST,34.048555,-118.24776,POINT(-118.24776 34.048555)
CB3016A,101 4TH ST,34.047985,-118.24693,POINT(-118.24693 34.047985)
CB3019,101 4TH ST,34.047747,-118.246658,POINT(-118.246658 34.047747)
CB3020,101 4TH ST,34.047704,-118.246609,POINT(-118.246609 34.047704)
SP833,101 6TH ST,33.738666,-118.280252,POINT(-118.280252 33.738666)
SP370,101 7TH ST,33.737743,-118.280964,POINT(-118.280964 33.737743)
SP371,101 7TH ST,33.737743,-118.28083,POINT(-118.28083 33.737743)
V251,101 E NAVY ST,33.997274,-118.479432,POINT(-118.479432 33.997274)
V249,101 E NAVY ST,33.997354,-118.479305,POINT(-118.479305 33.997354)
V250,101 E NAVY ST,33.997319,-118.479364,POINT(-118.479364 33.997319)
AE221,101 HEWITT ST,34.047593,-118.236175,POINT(-118.236175 34.047593)
AE223,101 HEWITT ST,34.047593,-118.236175,POINT(-118.236175 34.047593)
AE212,101 HEWITT ST,34.048317,-118.236173,POINT(-118.236173 34.048317)
V173,101 MARKET ST,33.988627,-118.472268,POINT(-118.472268 33.988627)
V171,101 MARKET ST,33.988462,-118.47256,POINT(-118.47256 33.988462)
CB2789,101 OLYMPIC BLVD,34.040231,-118.256287,POINT(-118.256287 34.040231)
CB2786,101 OLYMPIC BLVD,34.040068,-118.256134,POINT(-118.256134 34.040068)
CB2787,101 OLYMPIC BLVD,34.040128,-118.25619,POINT(-118.25619 34.040128)
CB2784,101 OLYMPIC BLVD,34.039965,-118.25604,POINT(-118.25604 34.039965)
CB2783,101 OLYMPIC BLVD,34.039917,-118.255998,POINT(-118.255998 34.039917)
CB2782,101 OLYMPIC BLVD,34.039861,-118.255943,POINT(-118.255943 34.039861)
CT28,101 ORD ST,34.059809,-118.237611,POINT(-118.237611 34.059809)
CB1049,101 PICO BLVD,34.036935,-118.260722,POINT(-118.260722 34.036935)
CB1050,101 PICO BLVD,34.03701,-118.260855,POINT(-118.260855 34.03701)
CB1051,101 PICO BLVD,34.037039,-118.260907,POINT(-118.260907 34.037039)
CB1010,101 PICO BLVD,34.036203,-118.260057,POINT(-118.260057 34.036203)
CB1007A,101 PICO BLVD,34.036128,-118.259924,POINT(-118.259924 34.036128)
CB1048,101 PICO BLVD,34.036859,-118.260588,POINT(-118.260588 34.036859)
CB1007,101 PICO BLVD,34.036016,-118.259725,POINT(-118.259725 34.036016)
CB1006,101 PICO BLVD,34.035913,-118.259536,POINT(-118.259536 34.035913)
CB1008,101 PICO BLVD,34.036159,-118.25998,POINT(-118.25998 34.036159)
LT167,101 SAN PEDRO ST,34.050172,-118.241186,POINT(-118.241186 34.050172)
LT168,101 SAN PEDRO ST,34.050125,-118.241225,POINT(-118.241225 34.050125)
LT170,101 SAN PEDRO ST,34.05002,-118.241314,POINT(-118.241314 34.05002)
WP11,101 WASHINGTON BLVD,33.980226,-118.465045,POINT(-118.465045 33.980226)
WP12,101 WASHINGTON BLVD,33.980195,-118.465101,POINT(-118.465101 33.980195)
WP13,101 WASHINGTON BLVD,33.979971,-118.46549,POINT(-118.46549 33.979971)
WP14,101 WASHINGTON BLVD,33.979938,-118.465545,POINT(-118.465545 33.979938)
WV313,10800 KINROSS AVE,34.060709,-118.445022,POINT(-118.445022 34.060709)
WV457,10800 LINDBROOK DR,34.059989,-118.442944,POINT(-118.442944 34.059989)
WV463,10800 LINDBROOK DR,34.060298,-118.442117,POINT(-118.442117 34.060298)
WV461,10800 LINDBROOK DR,34.060148,-118.442473,POINT(-118.442473 34.060148)
WV462,10800 LINDBROOK DR,34.060168,-118.442411,POINT(-118.442411 34.060168)
WV455,10800 LINDBROOK DR,34.059957,-118.443058,POINT(-118.443058 34.059957)
WV676,10800 WEYBURN AVE,34.062194,-118.443247,POINT(-118.443247 34.062194)
WV666,10800 WEYBURN AVE,34.062498,-118.444747,POINT(-118.444747 34.062498)
WV588,10800 WEYBURN AVE,34.061738,-118.442072,POINT(-118.442072 34.061738)
WV673,10800 WEYBURN AVE,34.062329,-118.4436,POINT(-118.4436 34.062329)
WV672A,10800 WEYBURN AVE,34.062351,-118.443658,POINT(-118.443658 34.062351)
WV672,10800 WEYBURN AVE,34.062383,-118.44374,POINT(-118.44374 34.062383)
WV673A,10800 WEYBURN AVE,34.062301,-118.443522,POINT(-118.443522 34.062301)
WV674,10800 WEYBURN AVE,34.062277,-118.443464,POINT(-118.443464 34.062277)
WV662,10800 WEYBURN AVE,34.062502,-118.445047,POINT(-118.445047 34.062502)
WV677,10800 WEYBURN AVE,34.062168,-118.443184,POINT(-118.443184 34.062168)
WV674A,10800 WEYBURN AVE,34.062248,-118.443387,POINT(-118.443387 34.062248)
WV679,10800 WEYBURN AVE,34.062116,-118.443048,POINT(-118.443048 34.062116)
WV589,10800 WEYBURN AVE,34.061714,-118.442012,POINT(-118.442012 34.061714)
WV590,10800 WEYBURN AVE,34.061686,-118.441937,POINT(-118.441937 34.061686)
WV664,10800 WEYBURN AVE,34.062499,-118.444895,POINT(-118.444895 34.062499)
WV663,10800 WEYBURN AVE,34.0625,-118.444982,POINT(-118.444982 34.0625)
WV374,10801 KINROSS AVE,34.060868,-118.445085,POINT(-118.445085 34.060868)
WV503,10801 LE CONTE AVE,34.063784,-118.444373,POINT(-118.444373 34.063784)
WV506,10801 LE CONTE AVE,34.063782,-118.444586,POINT(-118.444586 34.063782)
WV582,10801 LE CONTE AVE,34.064013,-118.441832,POINT(-118.441832 34.064013)
WV505,10801 LE CONTE AVE,34.063782,-118.444524,POINT(-118.444524 34.063782)
WV504,10801 LE CONTE AVE,34.063784,-118.444433,POINT(-118.444433 34.063784)
WV495,10801 LE CONTE AVE,34.06378,-118.443645,POINT(-118.443645 34.06378)
WV494,10801 LE CONTE AVE,34.063782,-118.443544,POINT(-118.443544 34.063782)
WV502,10801 LE CONTE AVE,34.063786,-118.444291,POINT(-118.444291 34.063786)
WV507,10801 LE CONTE AVE,34.06378,-118.444676,POINT(-118.444676 34.06378)
WV296,10801 LINDBROOK DR,34.05985,-118.444107,POINT(-118.444107 34.05985)
WV295,10801 LINDBROOK DR,34.059873,-118.444023,POINT(-118.444023 34.059873)
WV297,10801 LINDBROOK DR,34.059834,-118.444171,POINT(-118.444171 34.059834)
WV298,10801 LINDBROOK DR,34.05981,-118.44426,POINT(-118.44426 34.05981)
WV487A,10801 LINDBROOK DR,34.060126,-118.443078,POINT(-118.443078 34.060126)
WV487,10801 LINDBROOK DR,34.060143,-118.443015,POINT(-118.443015 34.060143)
WV299,10801 LINDBROOK DR,34.059794,-118.444328,POINT(-118.444328 34.059794)
WV484,10801 LINDBROOK DR,34.060207,-118.442774,POINT(-118.442774 34.060207)
WV292,10801 LINDBROOK DR,34.059928,-118.443821,POINT(-118.443821 34.059928)
WV481,10801 LINDBROOK DR,34.060276,-118.442532,POINT(-118.442532 34.060276)
WV685,10801 WEYBURN AVE,34.062631,-118.444408,POINT(-118.444408 34.062631)
WV689,10801 WEYBURN AVE,34.062635,-118.444918,POINT(-118.444918 34.062635)
WV87,10900 KINROSS AVE,34.06036,-118.446089,POINT(-118.446089 34.06036)
WV85,10900 KINROSS AVE,34.060292,-118.446205,POINT(-118.446205 34.060292)
WV89,10900 KINROSS AVE,34.060545,-118.445775,POINT(-118.445775 34.060545)
WV254,10900 LE CONTE AVE,34.063593,-118.445733,POINT(-118.445733 34.063593)
WV251,10900 LE CONTE AVE,34.06359,-118.445984,POINT(-118.445984 34.06359)
WV73,10900 LINDBROOK DR,34.059433,-118.445036,POINT(-118.445036 34.059433)
WV224,10900 WEYBURN AVE,34.062496,-118.445687,POINT(-118.445687 34.062496)
WV223,10900 WEYBURN AVE,34.062496,-118.445753,POINT(-118.445753 34.062496)
WV91,10901 KINROSS AVE,34.060678,-118.445892,POINT(-118.445892 34.060678)
WV94,10901 KINROSS AVE,34.060451,-118.446271,POINT(-118.446271 34.060451)
WV58,10901 KINROSS AVE,34.060098,-118.446863,POINT(-118.446863 34.060098)
WV95,10901 KINROSS AVE,34.06042,-118.446326,POINT(-118.446326 34.06042)
WV59,10901 KINROSS AVE,34.060066,-118.446915,POINT(-118.446915 34.060066)
WV509,10901 LE CONTE AVE,34.063769,-118.445692,POINT(-118.445692 34.063769)
WV7,10901 LE CONTE AVE,34.063705,-118.448632,POINT(-118.448632 34.063705)
WV8,10901 LE CONTE AVE,34.063704,-118.4487,POINT(-118.4487 34.063704)
WV9,10901 LE CONTE AVE,34.063703,-118.448791,POINT(-118.448791 34.063703)
WV512,10901 LE CONTE AVE,34.063766,-118.445929,POINT(-118.445929 34.063766)
WV511,10901 LE CONTE AVE,34.063768,-118.445841,POINT(-118.445841 34.063768)
WV513,10901 LE CONTE AVE,34.063766,-118.445996,POINT(-118.445996 34.063766)
WV510,10901 LE CONTE AVE,34.063768,-118.44578,POINT(-118.44578 34.063768)
WV75A,10901 LINDBROOK DR,34.059492,-118.445476,POINT(-118.445476 34.059492)
WV74A,10901 LINDBROOK DR,34.059601,-118.44508,POINT(-118.44508 34.059601)
C124A,1100 36TH ST,34.023051,-118.29188,POINT(-118.29188 34.023051)
C123,1100 36TH ST,34.023052,-118.292164,POINT(-118.292164 34.023052)
C121,1100 36TH ST,34.023052,-118.2923,POINT(-118.2923 34.023052)
C122,1100 36TH ST,34.023052,-118.292239,POINT(-118.292239 34.023052)
C124,1100 36TH ST,34.023051,-118.292099,POINT(-118.292099 34.023051)
CB1059,1100 BROADWAY,34.038697,-118.259678,POINT(-118.259678 34.038697)
CB1062,1100 BROADWAY,34.039098,-118.259327,POINT(-118.259327 34.039098)
CB1060,1100 BROADWAY,34.038914,-118.259488,POINT(-118.259488 34.038914)
CB143,1100 BROADWAY,34.03914,-118.259291,POINT(-118.259291 34.03914)
WV84,1100 GAYLEY AVE,34.060043,-118.446176,POINT(-118.446176 34.060043)
WV81,1100 GAYLEY AVE,34.05989,-118.446042,POINT(-118.446042 34.05989)
WV83A,1100 GAYLEY AVE,34.059999,-118.446137,POINT(-118.446137 34.059999)
WV79,1100 GAYLEY AVE,34.059697,-118.445878,POINT(-118.445878 34.059697)
WV82,1100 GAYLEY AVE,34.059934,-118.446081,POINT(-118.446081 34.059934)
WV83,1100 GAYLEY AVE,34.059999,-118.446137,POINT(-118.446137 34.059999)
WV331,1100 GLENDON AVE,34.060596,-118.44411,POINT(-118.44411 34.060596)
CB1274,1100 GRAND AVE,34.040887,-118.262473,POINT(-118.262473 34.040887)
CB1268B,1100 GRAND AVE,34.040974,-118.26242,POINT(-118.26242 34.040974)
CB1268C,1100 GRAND AVE,34.04094,-118.262448,POINT(-118.262448 34.04094)
CB1270,1100 GRAND AVE,34.04069,-118.262659,POINT(-118.262659 34.04069)
CB1122,1100 HILL ST,34.039115,-118.260682,POINT(-118.260682 34.039115)
CB1366,1100 HOPE ST,34.042051,-118.263118,POINT(-118.263118 34.042051)
CB1361,1100 HOPE ST,34.04171,-118.263436,POINT(-118.263436 34.04171)
CB1354,1100 HOPE ST,34.040982,-118.264112,POINT(-118.264112 34.040982)
CB1364,1100 HOPE ST,34.041851,-118.263305,POINT(-118.263305 34.041851)
CB1360,1100 HOPE ST,34.04165,-118.263489,POINT(-118.263489 34.04165)
CB1355,1100 HOPE ST,34.041042,-118.264057,POINT(-118.264057 34.041042)
CB1624,1100 LOS ANGELES ST,34.037186,-118.258024,POINT(-118.258024 34.037186)
CB1637,1100 LOS ANGELES ST,34.037891,-118.257454,POINT(-118.257454 34.037891)
CB1638,1100 LOS ANGELES ST,34.037953,-118.257409,POINT(-118.257409 34.037953)
CB1632,1100 LOS ANGELES ST,34.037621,-118.257673,POINT(-118.257673 34.037621)
CB1636,1100 LOS ANGELES ST,34.037844,-118.257491,POINT(-118.257491 34.037844)
CB1634,1100 LOS ANGELES ST,34.037734,-118.257586,POINT(-118.257586 34.037734)
CB1635,1100 LOS ANGELES ST,34.037781,-118.257548,POINT(-118.257548 34.037781)
CB1640,1100 LOS ANGELES ST,34.038058,-118.257322,POINT(-118.257322 34.038058)
CB1631,1100 LOS ANGELES ST,34.037564,-118.257723,POINT(-118.257723 34.037564)
CB1623,1100 LOS ANGELES ST,34.037129,-118.258072,POINT(-118.258072 34.037129)
CB1633,1100 LOS ANGELES ST,34.037673,-118.257637,POINT(-118.257637 34.037673)
CB1629,1100 LOS ANGELES ST,34.037453,-118.257812,POINT(-118.257812 34.037453)
CB1627,1100 LOS ANGELES ST,34.03734,-118.257903,POINT(-118.257903 34.03734)
CB1626,1100 LOS ANGELES ST,34.037298,-118.257936,POINT(-118.257936 34.037298)
CB1018F,1100 MAIN ST,34.03771,-118.259141,POINT(-118.259141 34.03771)
CB1019,1100 MAIN ST,34.037924,-118.258942,POINT(-118.258942 34.037924)
CB1018H,1100 MAIN ST,34.037824,-118.259048,POINT(-118.259048 34.037824)
CB969,1100 MAPLE AVE,34.036186,-118.255819,POINT(-118.255819 34.036186)
CB970,1100 MAPLE AVE,34.03625,-118.255768,POINT(-118.255768 34.03625)
CB961,1100 MAPLE AVE,34.035762,-118.256162,POINT(-118.256162 34.035762)
CB968,1100 MAPLE AVE,34.03614,-118.255856,POINT(-118.255856 34.03614)
CB967,1100 MAPLE AVE,34.036079,-118.255906,POINT(-118.255906 34.036079)
CB966,1100 MAPLE AVE,34.036033,-118.255943,POINT(-118.255943 34.036033)
CB962,1100 MAPLE AVE,34.035823,-118.256112,POINT(-118.256112 34.035823)
CB965,1100 MAPLE AVE,34.035971,-118.255993,POINT(-118.255993 34.035971)
CB964,1100 MAPLE AVE,34.035928,-118.256028,POINT(-118.256028 34.035928)
CB963,1100 MAPLE AVE,34.035867,-118.256077,POINT(-118.256077 34.035867)
CB974,1100 MAPLE AVE,34.036715,-118.255392,POINT(-118.255392 34.036715)
CB1195,1100 OLIVE ST,34.04025,-118.261332,POINT(-118.261332 34.04025)
CB2271,1100 SAN JULIAN ST,34.034657,-118.254029,POINT(-118.254029 34.034657)
CB2275,1100 SAN JULIAN ST,34.035386,-118.25344,POINT(-118.25344 34.035386)
CB2273,1100 SAN JULIAN ST,34.034766,-118.253939,POINT(-118.253939 34.034766)
CB2274C,1100 SAN JULIAN ST,34.035155,-118.253625,POINT(-118.253625 34.035155)
CB2274,1100 SAN JULIAN ST,34.034812,-118.253902,POINT(-118.253902 34.034812)
CB2274D,1100 SAN JULIAN ST,34.03527,-118.253532,POINT(-118.253532 34.03527)
CB2274B,1100 SAN JULIAN ST,34.03504,-118.253717,POINT(-118.253717 34.03504)
CB2272,1100 SAN JULIAN ST,34.034704,-118.253991,POINT(-118.253991 34.034704)
CB2274A,1100 SAN JULIAN ST,34.034925,-118.25381,POINT(-118.25381 34.034925)
CB2391,1100 SAN PEDRO ST,34.034332,-118.252697,POINT(-118.252697 34.034332)
CB2397,1100 SAN PEDRO ST,34.034751,-118.252389,POINT(-118.252389 34.034751)
CB2392,1100 SAN PEDRO ST,34.034393,-118.25265,POINT(-118.25265 34.034393)
CB2389,1100 SAN PEDRO ST,34.034222,-118.252776,POINT(-118.252776 34.034222)
CB1797,1100 SANTEE ST,34.037278,-118.256451,POINT(-118.256451 34.037278)
CB1784,1100 SANTEE ST,34.03655,-118.257039,POINT(-118.257039 34.03655)
CB1788,1100 SANTEE ST,34.036769,-118.256862,POINT(-118.256862 34.036769)
CB1793,1100 SANTEE ST,34.037057,-118.25663,POINT(-118.25663 34.037057)
CB1794,1100 SANTEE ST,34.037102,-118.256593,POINT(-118.256593 34.037102)
CB1782,1100 SANTEE ST,34.036441,-118.257127,POINT(-118.257127 34.036441)
CB1783,1100 SANTEE ST,34.036502,-118.257077,POINT(-118.257077 34.036502)
CB1800,1100 SANTEE ST,34.037485,-118.256284,POINT(-118.256284 34.037485)
CB1799,1100 SANTEE ST,34.03744,-118.25632,POINT(-118.25632 34.03744)
CB1796,1100 SANTEE ST,34.037214,-118.256503,POINT(-118.256503 34.037214)
CB1790,1100 SANTEE ST,34.036879,-118.256774,POINT(-118.256774 34.036879)
CB1795,1100 SANTEE ST,34.037168,-118.25654,POINT(-118.25654 34.037168)
SH21,1100 VINE ST,34.091389,-118.326508,POINT(-118.326508 34.091389)
SH17,1100 VINE ST,34.091097,-118.326508,POINT(-118.326508 34.091097)
SH25A,1100 VINE ST,34.091939,-118.326511,POINT(-118.326511 34.091939)
SH20,1100 VINE ST,34.091315,-118.326507,POINT(-118.326507 34.091315)
CB2175,1100 WALL ST,34.035197,-118.255103,POINT(-118.255103 34.035197)
CB2176,1100 WALL ST,34.035241,-118.255069,POINT(-118.255069 34.035241)
CB2182,1100 WALL ST,34.035923,-118.25452,POINT(-118.25452 34.035923)
CB2182B,1100 WALL ST,34.036183,-118.25431,POINT(-118.25431 34.036183)
CB2182A,1100 WALL ST,34.036122,-118.254357,POINT(-118.254357 34.036122)
CB2179,1100 WALL ST,34.035481,-118.254876,POINT(-118.254876 34.035481)
CB2178,1100 WALL ST,34.03543,-118.254917,POINT(-118.254917 34.03543)
CB2181A,1100 WALL ST,34.035875,-118.254558,POINT(-118.254558 34.035875)
CB2177,1100 WALL ST,34.035374,-118.254962,POINT(-118.254962 34.035374)
CB2180A,1100 WALL ST,34.035771,-118.254642,POINT(-118.254642 34.035771)
CB2179A,1100 WALL ST,34.035544,-118.254824,POINT(-118.254824 34.035544)
WV302,1100 WESTWOOD BLVD,34.059939,-118.444741,POINT(-118.444741 34.059939)
WV304,1100 WESTWOOD BLVD,34.060045,-118.444833,POINT(-118.444833 34.060045)
WV307,1100 WESTWOOD BLVD,34.0602,-118.444968,POINT(-118.444968 34.0602)
WV308,1100 WESTWOOD BLVD,34.06026,-118.445021,POINT(-118.445021 34.06026)
WV306,1100 WESTWOOD BLVD,34.060154,-118.444927,POINT(-118.444927 34.060154)
WV311,1100 WESTWOOD BLVD,34.060408,-118.445146,POINT(-118.445146 34.060408)
WV309,1100 WESTWOOD BLVD,34.060302,-118.445056,POINT(-118.445056 34.060302)
WV310,1100 WESTWOOD BLVD,34.060361,-118.445108,POINT(-118.445108 34.060361)
WV303,1100 WESTWOOD BLVD,34.059982,-118.444779,POINT(-118.444779 34.059982)
C116,1101 36TH ST,34.023173,-118.291871,POINT(-118.291871 34.023173)
C120,1101 36TH ST,34.023172,-118.292611,POINT(-118.292611 34.023172)
C116B,1101 36TH ST,34.023172,-118.292182,POINT(-118.292182 34.023172)
C116A,1101 36TH ST,34.023171,-118.292109,POINT(-118.292109 34.023171)
C117,1101 36TH ST,34.023172,-118.292245,POINT(-118.292245 34.023172)
C118,1101 36TH ST,34.023171,-118.29235,POINT(-118.29235 34.023171)
CB1319A,1101 GRAND AVE,34.04095,-118.262668,POINT(-118.262668 34.04095)
CB1321A,1101 GRAND AVE,34.040611,-118.262987,POINT(-118.262987 34.040611)
CB1322,1101 GRAND AVE,34.040551,-118.263042,POINT(-118.263042 34.040551)
CB1464,1101 HOPE ST,34.041421,-118.263907,POINT(-118.263907 34.041421)
CB1463B,1101 HOPE ST,34.041414,-118.263957,POINT(-118.263957 34.041414)
CB1463,1101 HOPE ST,34.041521,-118.263857,POINT(-118.263857 34.041521)
CB1464A,1101 HOPE ST,34.041253,-118.264109,POINT(-118.264109 34.041253)
CB1548,1101 LOS ANGELES ST,34.037958,-118.257594,POINT(-118.257594 34.037958)
CB1542,1101 LOS ANGELES ST,34.038325,-118.257299,POINT(-118.257299 34.038325)
CB1558,1101 LOS ANGELES ST,34.037191,-118.258214,POINT(-118.258214 34.037191)
CB1557,1101 LOS ANGELES ST,34.037252,-118.258163,POINT(-118.258163 34.037252)
CB1544,1101 LOS ANGELES ST,34.038221,-118.25738,POINT(-118.25738 34.038221)
CB1556,1101 LOS ANGELES ST,34.037294,-118.258127,POINT(-118.258127 34.037294)
CB1555,1101 LOS ANGELES ST,34.037418,-118.258026,POINT(-118.258026 34.037418)
CB1546,1101 LOS ANGELES ST,34.038063,-118.257508,POINT(-118.257508 34.038063)
CB1545,1101 LOS ANGELES ST,34.038127,-118.257457,POINT(-118.257457 34.038127)
CB1553,1101 LOS ANGELES ST,34.037461,-118.257992,POINT(-118.257992 34.037461)
CB1552,1101 LOS ANGELES ST,34.037734,-118.257773,POINT(-118.257773 34.037734)
CB1543,1101 LOS ANGELES ST,34.038263,-118.257346,POINT(-118.257346 34.038263)
CB1549,1101 LOS ANGELES ST,34.037906,-118.257638,POINT(-118.257638 34.037906)
CB1547,1101 LOS ANGELES ST,34.038018,-118.257544,POINT(-118.257544 34.038018)
CB1551,1101 LOS ANGELES ST,34.037799,-118.257723,POINT(-118.257723 34.037799)
CB1038,1101 MAIN ST,34.038037,-118.259133,POINT(-118.259133 34.038037)
CB1032A,1101 MAIN ST,34.038554,-118.258716,POINT(-118.258716 34.038554)
CB1032,1101 MAIN ST,34.038592,-118.25868,POINT(-118.25868 34.038592)
CB1033,1101 MAIN ST,34.038489,-118.258768,POINT(-118.258768 34.038489)
CB1036,1101 MAIN ST,34.038215,-118.258989,POINT(-118.258989 34.038215)
CB1035,1101 MAIN ST,34.038264,-118.258949,POINT(-118.258949 34.038264)
CB1036A,1101 MAIN ST,34.038152,-118.259042,POINT(-118.259042 34.038152)
CB1030,1101 MAIN ST,34.038964,-118.258403,POINT(-118.258403 34.038964)
CB1037,1101 MAIN ST,34.038084,-118.259095,POINT(-118.259095 34.038084)
CB1029,1101 MAIN ST,34.039007,-118.258368,POINT(-118.258368 34.039007)
CB1591,1101 MAPLE AVE,34.036237,-118.25595,POINT(-118.25595 34.036237)
CB1582,1101 MAPLE AVE,34.0368,-118.255495,POINT(-118.255495 34.0368)
CB1584,1101 MAPLE AVE,34.036695,-118.255579,POINT(-118.255579 34.036695)
CB1592,1101 MAPLE AVE,34.036194,-118.255985,POINT(-118.255985 34.036194)
CB1590,1101 MAPLE AVE,34.036301,-118.255898,POINT(-118.255898 34.036301)
CB1578,1101 MAPLE AVE,34.037012,-118.255323,POINT(-118.255323 34.037012)
CB1587,1101 MAPLE AVE,34.036458,-118.255771,POINT(-118.255771 34.036458)
CB1580,1101 MAPLE AVE,34.036905,-118.25541,POINT(-118.25541 34.036905)
CB1583,1101 MAPLE AVE,34.036739,-118.255544,POINT(-118.255544 34.036739)
CB1232A,1101 OLIVE ST,34.040323,-118.261511,POINT(-118.261511 34.040323)
CB1231,1101 OLIVE ST,34.040462,-118.261382,POINT(-118.261382 34.040462)
CB1232,1101 OLIVE ST,34.040364,-118.261474,POINT(-118.261474 34.040364)
CB1235,1101 OLIVE ST,34.039922,-118.261886,POINT(-118.261886 34.039922)
CB2228A,1101 SAN JULIAN ST,34.035695,-118.253364,POINT(-118.253364 34.035695)
CB2233,1101 SAN JULIAN ST,34.03481,-118.254075,POINT(-118.254075 34.03481)
CB2233A,1101 SAN JULIAN ST,34.034768,-118.25411,POINT(-118.25411 34.034768)
CB2229B,1101 SAN JULIAN ST,34.035398,-118.253602,POINT(-118.253602 34.035398)
CB2230,1101 SAN JULIAN ST,34.035353,-118.253638,POINT(-118.253638 34.035353)
CB2230C,1101 SAN JULIAN ST,34.035143,-118.253803,POINT(-118.253803 34.035143)
CB2231A,1101 SAN JULIAN ST,34.035035,-118.253894,POINT(-118.253894 34.035035)
CB2231B,1101 SAN JULIAN ST,34.034989,-118.253931,POINT(-118.253931 34.034989)
CB2229,1101 SAN JULIAN ST,34.035501,-118.25352,POINT(-118.25352 34.035501)
CB2232A,1101 SAN JULIAN ST,34.03488,-118.25402,POINT(-118.25402 34.03488)
CB4409,1101 SAN PEDRO ST,34.034539,-118.252833,POINT(-118.252833 34.034539)
CB4410B,1101 SAN PEDRO ST,34.034411,-118.252945,POINT(-118.252945 34.034411)
CB2296,1101 SAN PEDRO ST,34.033957,-118.25326,POINT(-118.25326 34.033957)
CB4406,1101 SAN PEDRO ST,34.034689,-118.252721,POINT(-118.252721 34.034689)
CB4401,1101 SAN PEDRO ST,34.035087,-118.25243,POINT(-118.25243 34.035087)
CB2295,1101 SAN PEDRO ST,34.034024,-118.253209,POINT(-118.253209 34.034024)
CB4407,1101 SAN PEDRO ST,34.034644,-118.252754,POINT(-118.252754 34.034644)
CB4410D,1101 SAN PEDRO ST,34.034207,-118.253095,POINT(-118.253095 34.034207)
CB4410C,1101 SAN PEDRO ST,34.034262,-118.253056,POINT(-118.253056 34.034262)
CB4410A,1101 SAN PEDRO ST,34.034411,-118.252945,POINT(-118.252945 34.034411)
CB809,1101 SANTEE ST,34.037215,-118.256673,POINT(-118.256673 34.037215)
CB804,1101 SANTEE ST,34.036962,-118.256877,POINT(-118.256877 34.036962)
CB802,1101 SANTEE ST,34.036852,-118.256966,POINT(-118.256966 34.036852)
CB800,1101 SANTEE ST,34.036743,-118.257054,POINT(-118.257054 34.036743)
CB803,1101 SANTEE ST,34.036898,-118.256929,POINT(-118.256929 34.036898)
CB810,1101 SANTEE ST,34.037285,-118.256616,POINT(-118.256616 34.037285)
CB812,1101 SANTEE ST,34.037395,-118.256527,POINT(-118.256527 34.037395)
CB808,1101 SANTEE ST,34.037171,-118.256708,POINT(-118.256708 34.037171)
CB796,1101 SANTEE ST,34.036524,-118.257231,POINT(-118.257231 34.036524)
CB799,1101 SANTEE ST,34.036679,-118.257106,POINT(-118.257106 34.036679)
CB801,1101 SANTEE ST,34.036788,-118.257017,POINT(-118.257017 34.036788)
CB811,1101 SANTEE ST,34.037331,-118.256579,POINT(-118.256579 34.037331)
CB815,1101 SANTEE ST,34.037552,-118.2564,POINT(-118.2564 34.037552)
CB807,1101 SANTEE ST,34.037114,-118.256754,POINT(-118.256754 34.037114)
CB805,1101 SANTEE ST,34.037007,-118.25684,POINT(-118.25684 34.037007)
CB806,1101 SANTEE ST,34.037071,-118.256789,POINT(-118.256789 34.037071)
CB2141,1101 WALL ST,34.036141,-118.254516,POINT(-118.254516 34.036141)
CB2144,1101 WALL ST,34.03599,-118.254638,POINT(-118.254638 34.03599)
CB2143,1101 WALL ST,34.036034,-118.254601,POINT(-118.254601 34.036034)
CB2147D,1101 WALL ST,34.035274,-118.255215,POINT(-118.255215 34.035274)
CB2147C,1101 WALL ST,34.035311,-118.255183,POINT(-118.255183 34.035311)
CB2146,1101 WALL ST,34.035879,-118.254726,POINT(-118.254726 34.035879)
CB2142,1101 WALL ST,34.036102,-118.254548,POINT(-118.254548 34.036102)
CB2147A,1101 WALL ST,34.035418,-118.255097,POINT(-118.255097 34.035418)
CB2147E,1101 WALL ST,34.035207,-118.255268,POINT(-118.255268 34.035207)
WV281,1101 WESTWOOD BLVD,34.060272,-118.445371,POINT(-118.445371 34.060272)
WV281A,1101 WESTWOOD BLVD,34.06021,-118.445319,POINT(-118.445319 34.06021)
WV282B,1101 WESTWOOD BLVD,34.06005,-118.44518,POINT(-118.44518 34.06005)
C1014,1200 30TH ST,34.027369,-118.291084,POINT(-118.291084 34.027369)
C1015,1200 30TH ST,34.027369,-118.290983,POINT(-118.290983 34.027369)
CB1056,1200 BROADWAY,34.037853,-118.26043,POINT(-118.26043 34.037853)
CB1054,1200 BROADWAY,34.037714,-118.260539,POINT(-118.260539 34.037714)
CB1052,1200 BROADWAY,34.03754,-118.260694,POINT(-118.260694 34.03754)
CB1053,1200 BROADWAY,34.037578,-118.260661,POINT(-118.260661 34.037578)
CB1254,1200 GRAND AVE,34.039299,-118.263968,POINT(-118.263968 34.039299)
SV801A,1200 HIGHLAND AVE,34.093073,-118.338497,POINT(-118.338497 34.093073)
SV803,1200 HIGHLAND AVE,34.0932,-118.338498,POINT(-118.338498 34.0932)
SV801,1200 HIGHLAND AVE,34.093012,-118.338496,POINT(-118.338496 34.093012)
SV802,1200 HIGHLAND AVE,34.09315,-118.338497,POINT(-118.338497 34.09315)
CB1120,1200 HILL ST,34.03829,-118.261433,POINT(-118.261433 34.03829)
CB1121,1200 HILL ST,34.038393,-118.261335,POINT(-118.261335 34.038393)
CB1121A,1200 HILL ST,34.03845,-118.261277,POINT(-118.261277 34.03845)
CB1115,1200 HILL ST,34.038036,-118.261675,POINT(-118.261675 34.038036)
CB1119,1200 HILL ST,34.038247,-118.261475,POINT(-118.261475 34.038247)
CB1349A,1200 HOPE ST,34.040384,-118.264672,POINT(-118.264672 34.040384)
CB1344,1200 HOPE ST,34.040012,-118.265019,POINT(-118.265019 34.040012)
CB1349,1200 HOPE ST,34.040322,-118.264728,POINT(-118.264728 34.040322)
CB1348,1200 HOPE ST,34.040219,-118.264825,POINT(-118.264825 34.040219)
CB1346,1200 HOPE ST,34.040115,-118.264922,POINT(-118.264922 34.040115)
CB1350A,1200 HOPE ST,34.040486,-118.264577,POINT(-118.264577 34.040486)
CB1341,1200 HOPE ST,34.039668,-118.26534,POINT(-118.26534 34.039668)
CB1350,1200 HOPE ST,34.040427,-118.264633,POINT(-118.264633 34.040427)
CB1342,1200 HOPE ST,34.039728,-118.265283,POINT(-118.265283 34.039728)
CB1351,1200 HOPE ST,34.04053,-118.264536,POINT(-118.264536 34.04053)
CB866,1200 LOS ANGELES ST,34.036435,-118.258602,POINT(-118.258602 34.036435)
CB867,1200 LOS ANGELES ST,34.036478,-118.258567,POINT(-118.258567 34.036478)
CB858,1200 LOS ANGELES ST,34.035844,-118.259129,POINT(-118.259129 34.035844)
CB869,1200 LOS ANGELES ST,34.03658,-118.258481,POINT(-118.258481 34.03658)
CB859,1200 LOS ANGELES ST,34.035952,-118.259042,POINT(-118.259042 34.035952)
CB860,1200 LOS ANGELES ST,34.035995,-118.259003,POINT(-118.259003 34.035995)
CB861,1200 LOS ANGELES ST,34.036058,-118.258947,POINT(-118.258947 34.036058)
CB862,1200 LOS ANGELES ST,34.036097,-118.258916,POINT(-118.258916 34.036097)
CB858A,1200 LOS ANGELES ST,34.035889,-118.259092,POINT(-118.259092 34.035889)
CB1018B,1200 MAIN ST,34.037248,-118.259522,POINT(-118.259522 34.037248)
CB1016,1200 MAIN ST,34.036772,-118.259874,POINT(-118.259874 34.036772)
CB1015,1200 MAIN ST,34.036709,-118.259925,POINT(-118.259925 34.036709)
CB1018D,1200 MAIN ST,34.037367,-118.259417,POINT(-118.259417 34.037367)
CB1018A,1200 MAIN ST,34.037025,-118.259664,POINT(-118.259664 34.037025)
CB1014,1200 MAIN ST,34.03666,-118.259966,POINT(-118.259966 34.03666)
CB1018,1200 MAIN ST,34.036986,-118.2597,POINT(-118.2597 34.036986)
CB535,1200 MAPLE AVE,34.034682,-118.257029,POINT(-118.257029 34.034682)
CB536,1200 MAPLE AVE,34.034727,-118.256994,POINT(-118.256994 34.034727)
CB539,1200 MAPLE AVE,34.034998,-118.256768,POINT(-118.256768 34.034998)
CB540,1200 MAPLE AVE,34.035044,-118.256729,POINT(-118.256729 34.035044)
CB541,1200 MAPLE AVE,34.035108,-118.256674,POINT(-118.256674 34.035108)
CB543,1200 MAPLE AVE,34.035331,-118.256473,POINT(-118.256473 34.035331)
CB537,1200 MAPLE AVE,34.03479,-118.256942,POINT(-118.256942 34.03479)
CB544,1200 MAPLE AVE,34.035394,-118.256418,POINT(-118.256418 34.035394)
CB545,1200 MAPLE AVE,34.035438,-118.256378,POINT(-118.256378 34.035438)
CB1189,1200 OLIVE ST,34.038831,-118.262659,POINT(-118.262659 34.038831)
CB1189A,1200 OLIVE ST,34.038862,-118.262625,POINT(-118.262625 34.038862)
CB1188,1200 OLIVE ST,34.038772,-118.262715,POINT(-118.262715 34.038772)
CB2262,1200 SAN JULIAN ST,34.033507,-118.254952,POINT(-118.254952 34.033507)
CB2269,1200 SAN JULIAN ST,34.034192,-118.254405,POINT(-118.254405 34.034192)
CB2267,1200 SAN JULIAN ST,34.034007,-118.254553,POINT(-118.254553 34.034007)
CB2264,1200 SAN JULIAN ST,34.033722,-118.254782,POINT(-118.254782 34.033722)
CB2268,1200 SAN JULIAN ST,34.034151,-118.254437,POINT(-118.254437 34.034151)
CB2384,1200 SAN PEDRO ST,34.033332,-118.253465,POINT(-118.253465 34.033332)
CB2379,1200 SAN PEDRO ST,34.033042,-118.253679,POINT(-118.253679 34.033042)
CB2380,1200 SAN PEDRO ST,34.033107,-118.253632,POINT(-118.253632 34.033107)
CB2385,1200 SAN PEDRO ST,34.033378,-118.253434,POINT(-118.253434 34.033378)
CB559A,1200 SANTEE ST,34.035309,-118.25804,POINT(-118.25804 34.035309)
CB559,1200 SANTEE ST,34.035261,-118.258077,POINT(-118.258077 34.035261)
CB561,1200 SANTEE ST,34.035507,-118.25788,POINT(-118.25788 34.035507)
CB562,1200 SANTEE ST,34.03608,-118.257415,POINT(-118.257415 34.03608)
CB563,1200 SANTEE ST,34.03608,-118.257415,POINT(-118.257415 34.03608)
CB565,1200 SANTEE ST,34.036013,-118.257475,POINT(-118.257475 34.036013)
CB560,1200 SANTEE ST,34.035442,-118.257932,POINT(-118.257932 34.035442)
CB564,1200 SANTEE ST,34.03608,-118.257415,POINT(-118.257415 34.03608)
CB2161,1200 WALL ST,34.034703,-118.255503,POINT(-118.255503 34.034703)
CB2162,1200 WALL ST,34.034747,-118.255466,POINT(-118.255466 34.034747)
CB2156A,1200 WALL ST,34.034158,-118.255941,POINT(-118.255941 34.034158)
CB2160,1200 WALL ST,34.034485,-118.255678,POINT(-118.255678 34.034485)
C1016,1201 30TH ST,34.027488,-118.291021,POINT(-118.291021 34.027488)
C1018,1201 30TH ST,34.027489,-118.29119,POINT(-118.29119 34.027489)
C1017,1201 30TH ST,34.027488,-118.291126,POINT(-118.291126 34.027488)
SV788,1201 HIGHLAND AVE,34.092859,-118.338736,POINT(-118.338736 34.092859)
SV788A,1201 HIGHLAND AVE,34.092804,-118.338737,POINT(-118.338737 34.092804)
SV786,1201 HIGHLAND AVE,34.092989,-118.338738,POINT(-118.338738 34.092989)
SV787,1201 HIGHLAND AVE,34.092933,-118.338736,POINT(-118.338736 34.092933)
CB1173,1201 HILL ST,34.03813,-118.261859,POINT(-118.261859 34.03813)
CB1170,1201 HILL ST,34.038272,-118.261727,POINT(-118.261727 34.038272)
CB1471,1201 HOPE ST,34.040009,-118.265269,POINT(-118.265269 34.040009)
CB1466,1201 HOPE ST,34.040728,-118.264598,POINT(-118.264598 34.040728)
CB1467,1201 HOPE ST,34.040635,-118.264687,POINT(-118.264687 34.040635)
CB1468,1201 HOPE ST,34.040357,-118.264944,POINT(-118.264944 34.040357)
CB1467A,1201 HOPE ST,34.040404,-118.264901,POINT(-118.264901 34.040404)
CB1002,1201 LOS ANGELES ST,34.036698,-118.258649,POINT(-118.258649 34.036698)
CB1003A,1201 LOS ANGELES ST,34.036525,-118.258795,POINT(-118.258795 34.036525)
CB1005A,1201 LOS ANGELES ST,34.036091,-118.259161,POINT(-118.259161 34.036091)
CB1003B,1201 LOS ANGELES ST,34.036482,-118.258832,POINT(-118.258832 34.036482)
CB1004,1201 LOS ANGELES ST,34.036193,-118.259075,POINT(-118.259075 34.036193)
CB1005,1201 LOS ANGELES ST,34.036148,-118.259112,POINT(-118.259112 34.036148)
CB1041,1201 MAIN ST,34.037357,-118.259682,POINT(-118.259682 34.037357)
CB1045,1201 MAIN ST,34.037083,-118.259906,POINT(-118.259906 34.037083)
CB1043,1201 MAIN ST,34.037261,-118.259761,POINT(-118.259761 34.037261)
CB552,1201 MAPLE AVE,34.035047,-118.256942,POINT(-118.256942 34.035047)
CB547A,1201 MAPLE AVE,34.035332,-118.256677,POINT(-118.256677 34.035332)
CB551,1201 MAPLE AVE,34.035082,-118.256912,POINT(-118.256912 34.035082)
CB550,1201 MAPLE AVE,34.03512,-118.256848,POINT(-118.256848 34.03512)
CB547,1201 MAPLE AVE,34.035398,-118.256625,POINT(-118.256625 34.035398)
CB546A,1201 MAPLE AVE,34.035446,-118.256585,POINT(-118.256585 34.035446)
CB546,1201 MAPLE AVE,34.035507,-118.256537,POINT(-118.256537 34.035507)
CB1243A,1201 OLIVE ST,34.038945,-118.262799,POINT(-118.262799 34.038945)
CB1241,1201 OLIVE ST,34.039204,-118.262558,POINT(-118.262558 34.039204)
CB1238,1201 OLIVE ST,34.039345,-118.262426,POINT(-118.262426 34.039345)
CB1241A,1201 OLIVE ST,34.039143,-118.262614,POINT(-118.262614 34.039143)
CB1244,1201 OLIVE ST,34.038761,-118.262971,POINT(-118.262971 34.038761)
CB1240,1201 OLIVE ST,34.039248,-118.262518,POINT(-118.262518 34.039248)
CB1239,1201 OLIVE ST,34.039306,-118.262462,POINT(-118.262462 34.039306)
CB1245,1201 OLIVE ST,34.038666,-118.26306,POINT(-118.26306 34.038666)
CB2241,1201 SAN JULIAN ST,34.033706,-118.254967,POINT(-118.254967 34.033706)
CB2235,1201 SAN JULIAN ST,34.034233,-118.254542,POINT(-118.254542 34.034233)
CB2242,1201 SAN JULIAN ST,34.033662,-118.255002,POINT(-118.255002 34.033662)
CB2238,1201 SAN JULIAN ST,34.034056,-118.254682,POINT(-118.254682 34.034056)
CB2239,1201 SAN JULIAN ST,34.034013,-118.25472,POINT(-118.25472 34.034013)
CB2243A,1201 SAN JULIAN ST,34.033558,-118.255086,POINT(-118.255086 34.033558)
CB2308,1201 SAN PEDRO ST,34.033364,-118.253697,POINT(-118.253697 34.033364)
CB839,1201 SANTEE ST,34.036172,-118.257515,POINT(-118.257515 34.036172)
CB840,1201 SANTEE ST,34.036122,-118.257555,POINT(-118.257555 34.036122)
CB848,1201 SANTEE ST,34.035443,-118.258104,POINT(-118.258104 34.035443)
CB844,1201 SANTEE ST,34.035438,-118.258103,POINT(-118.258103 34.035438)
CB842,1201 SANTEE ST,34.035438,-118.258103,POINT(-118.258103 34.035438)
CB847,1201 SANTEE ST,34.035509,-118.258051,POINT(-118.258051 34.035509)
CB845,1201 SANTEE ST,34.035723,-118.257878,POINT(-118.257878 34.035723)
CB843,1201 SANTEE ST,34.035438,-118.258103,POINT(-118.258103 34.035438)
SV409,1201 VINE ST,34.093014,-118.326757,POINT(-118.326757 34.093014)
SV404,1201 VINE ST,34.094062,-118.326764,POINT(-118.326764 34.094062)
SV406A,1201 VINE ST,34.093667,-118.32676,POINT(-118.32676 34.093667)
SV408,1201 VINE ST,34.093088,-118.326756,POINT(-118.326756 34.093088)
CB2150,1201 WALL ST,34.034767,-118.255622,POINT(-118.255622 34.034767)
CB2153,1201 WALL ST,34.034533,-118.255811,POINT(-118.255811 34.034533)
CB2152,1201 WALL ST,34.034658,-118.25571,POINT(-118.25571 34.034658)
CB2154,1201 WALL ST,34.034489,-118.255846,POINT(-118.255846 34.034489)
CB2155,1201 WALL ST,34.034305,-118.255997,POINT(-118.255997 34.034305)
CB2148,1201 WALL ST,34.034877,-118.255535,POINT(-118.255535 34.034877)
CB2149,1201 WALL ST,34.034832,-118.255571,POINT(-118.255571 34.034832)
61335,121 WINDWARD AVE,33.988068,-118.471786,POINT(-118.471786 33.988068)
61331,121 WINDWARD AVE,33.988243,-118.471504,POINT(-118.471504 33.988243)
C1027,1300 29TH ST,34.028332,-118.290967,POINT(-118.290967 34.028332)
C1025,1300 29TH ST,34.028333,-118.291221,POINT(-118.291221 34.028333)
C1026,1300 29TH ST,34.028332,-118.291032,POINT(-118.291032 34.028332)
C53,1300 30TH PL,34.026822,-118.29266,POINT(-118.29266 34.026822)
C54,1300 30TH PL,34.026822,-118.29259,POINT(-118.29259 34.026822)
C61,1300 30TH PL,34.026822,-118.291829,POINT(-118.291829 34.026822)
C55,1300 30TH PL,34.026823,-118.29248,POINT(-118.29248 34.026823)
C60,1300 30TH PL,34.026822,-118.292004,POINT(-118.292004 34.026822)
C60A,1300 30TH PL,34.026823,-118.291935,POINT(-118.291935 34.026823)
C59A,1300 30TH PL,34.026822,-118.292108,POINT(-118.292108 34.026822)
C56,1300 30TH PL,34.026822,-118.292419,POINT(-118.292419 34.026822)
C57,1300 30TH PL,34.026823,-118.292309,POINT(-118.292309 34.026823)
C58,1300 30TH PL,34.026822,-118.292245,POINT(-118.292245 34.026822)
C59,1300 30TH PL,34.026823,-118.292173,POINT(-118.292173 34.026823)
C45,1300 30TH ST,34.027708,-118.291951,POINT(-118.291951 34.027708)
C47,1300 30TH ST,34.027708,-118.291788,POINT(-118.291788 34.027708)
C43,1300 30TH ST,34.027707,-118.292118,POINT(-118.292118 34.027707)
C46,1300 30TH ST,34.027708,-118.291883,POINT(-118.291883 34.027708)
C44,1300 30TH ST,34.027707,-118.292047,POINT(-118.292047 34.027707)
CB318,1300 BROADWAY,34.035909,-118.26204,POINT(-118.26204 34.035909)
CB317,1300 BROADWAY,34.035865,-118.262076,POINT(-118.262076 34.035865)
CB321,1300 BROADWAY,34.036451,-118.261604,POINT(-118.261604 34.036451)
CB322,1300 BROADWAY,34.036559,-118.261515,POINT(-118.261515 34.036559)
CB323,1300 BROADWAY,34.0366,-118.261482,POINT(-118.261482 34.0366)
CB319,1300 BROADWAY,34.035973,-118.26199,POINT(-118.26199 34.035973)
CB316,1300 BROADWAY,34.035802,-118.262128,POINT(-118.262128 34.035802)
CB218,1300 GRAND AVE,34.038645,-118.264335,POINT(-118.264335 34.038645)
CB208A,1300 GRAND AVE,34.037792,-118.264889,POINT(-118.264889 34.037792)
CB206A,1300 GRAND AVE,34.037334,-118.265187,POINT(-118.265187 34.037334)
CB207A,1300 GRAND AVE,34.03763,-118.264994,POINT(-118.264994 34.03763)
CB212,1300 GRAND AVE,34.038188,-118.264634,POINT(-118.264634 34.038188)
CB208,1300 GRAND AVE,34.037747,-118.264918,POINT(-118.264918 34.037747)
CB209A,1300 GRAND AVE,34.037905,-118.264818,POINT(-118.264818 34.037905)
CB210,1300 GRAND AVE,34.037974,-118.264771,POINT(-118.264771 34.037974)
CB211A,1300 GRAND AVE,34.038125,-118.264675,POINT(-118.264675 34.038125)
CB210A,1300 GRAND AVE,34.038015,-118.264744,POINT(-118.264744 34.038015)
CB216,1300 GRAND AVE,34.03854,-118.264403,POINT(-118.264403 34.03854)
CB215,1300 GRAND AVE,34.038495,-118.26443,POINT(-118.26443 34.038495)
CB217,1300 GRAND AVE,34.0386,-118.264364,POINT(-118.264364 34.0386)
CB214,1300 GRAND AVE,34.038303,-118.264558,POINT(-118.264558 34.038303)
SV807,1300 HIGHLAND AVE,34.094883,-118.338509,POINT(-118.338509 34.094883)
SV816,1300 HIGHLAND AVE,34.095731,-118.338515,POINT(-118.338515 34.095731)
CB260,1300 HILL ST,34.037056,-118.262526,POINT(-118.262526 34.037056)
CB258,1300 HILL ST,34.036947,-118.262617,POINT(-118.262617 34.036947)
CB257,1300 HILL ST,34.036614,-118.262916,POINT(-118.262916 34.036614)
CB161,1300 HOPE ST,34.038735,-118.266042,POINT(-118.266042 34.038735)
CB163,1300 HOPE ST,34.038945,-118.265906,POINT(-118.265906 34.038945)
CB155,1300 HOPE ST,34.037833,-118.266615,POINT(-118.266615 34.037833)
CB157,1300 HOPE ST,34.038304,-118.266316,POINT(-118.266316 34.038304)
CB160,1300 HOPE ST,34.038701,-118.266064,POINT(-118.266064 34.038701)
CB156,1300 HOPE ST,34.037869,-118.266592,POINT(-118.266592 34.037869)
CB157A,1300 HOPE ST,34.03834,-118.266292,POINT(-118.266292 34.03834)
CB156B,1300 HOPE ST,34.038268,-118.26634,POINT(-118.26634 34.038268)
CB162,1300 HOPE ST,34.038901,-118.265936,POINT(-118.265936 34.038901)
SV684A,1300 LA BREA AVE,34.095477,-118.343976,POINT(-118.343976 34.095477)
SV678,1300 LA BREA AVE,34.094923,-118.343972,POINT(-118.343972 34.094923)
SV679,1300 LA BREA AVE,34.09501,-118.343973,POINT(-118.343973 34.09501)
SV684,1300 LA BREA AVE,34.095421,-118.343974,POINT(-118.343974 34.095421)
SV685,1300 LA BREA AVE,34.095549,-118.343975,POINT(-118.343975 34.095549)
SV685A,1300 LA BREA AVE,34.095606,-118.343976,POINT(-118.343976 34.095606)
SV688,1300 LA BREA AVE,34.095938,-118.34398,POINT(-118.34398 34.095938)
SV677,1300 LA BREA AVE,34.094848,-118.343972,POINT(-118.343972 34.094848)
SV680,1300 LA BREA AVE,34.095064,-118.343974,POINT(-118.343974 34.095064)
SV686,1300 LA BREA AVE,34.095684,-118.343977,POINT(-118.343977 34.095684)
SV675,1300 LA BREA AVE,34.094716,-118.343971,POINT(-118.343971 34.094716)
SV683A,1300 LA BREA AVE,34.095347,-118.343974,POINT(-118.343974 34.095347)
SV681,1300 LA BREA AVE,34.095139,-118.343973,POINT(-118.343973 34.095139)
SV676,1300 LA BREA AVE,34.094782,-118.343972,POINT(-118.343972 34.094782)
SV682,1300 LA BREA AVE,34.095192,-118.343973,POINT(-118.343973 34.095192)
SV686A,1300 LA BREA AVE,34.095737,-118.343978,POINT(-118.343978 34.095737)
SV687,1300 LA BREA AVE,34.095817,-118.343978,POINT(-118.343978 34.095817)
SV683,1300 LA BREA AVE,34.095272,-118.343974,POINT(-118.343974 34.095272)
SV687A,1300 LA BREA AVE,34.095868,-118.34398,POINT(-118.34398 34.095868)
CB433,1300 LOS ANGELES ST,34.034995,-118.259821,POINT(-118.259821 34.034995)
CB436,1300 LOS ANGELES ST,34.035173,-118.259677,POINT(-118.259677 34.035173)
CB431,1300 LOS ANGELES ST,34.034888,-118.259909,POINT(-118.259909 34.034888)
CB432,1300 LOS ANGELES ST,34.034952,-118.259856,POINT(-118.259856 34.034952)
CB440,1300 LOS ANGELES ST,34.035395,-118.2595,POINT(-118.2595 34.035395)
CB434,1300 LOS ANGELES ST,34.035062,-118.259768,POINT(-118.259768 34.035062)
CB441,1300 LOS ANGELES ST,34.035465,-118.259442,POINT(-118.259442 34.035465)
CB439,1300 LOS ANGELES ST,34.03533,-118.259551,POINT(-118.259551 34.03533)
V115,1300 MAIN ST,33.989554,-118.472077,POINT(-118.472077 33.989554)
V116,1300 MAIN ST,33.989598,-118.472113,POINT(-118.472113 33.989598)
V117,1300 MAIN ST,33.989651,-118.472155,POINT(-118.472155 33.989651)
CB378,1300 MAIN ST,34.035732,-118.260717,POINT(-118.260717 34.035732)
CB374,1300 MAIN ST,34.035458,-118.260936,POINT(-118.260936 34.035458)
CB376A,1300 MAIN ST,34.035622,-118.260804,POINT(-118.260804 34.035622)
CB376,1300 MAIN ST,34.035565,-118.260851,POINT(-118.260851 34.035565)
CB377,1300 MAIN ST,34.035669,-118.260767,POINT(-118.260767 34.035669)
CB373,1300 MAIN ST,34.03541,-118.260975,POINT(-118.260975 34.03541)
CB2084,1300 MAPLE AVE,34.033885,-118.257629,POINT(-118.257629 34.033885)
CB2089,1300 MAPLE AVE,34.034137,-118.257424,POINT(-118.257424 34.034137)
CB2086,1300 MAPLE AVE,34.033992,-118.25754,POINT(-118.25754 34.033992)
CB2085,1300 MAPLE AVE,34.03393,-118.257593,POINT(-118.257593 34.03393)
CB2077,1300 MAPLE AVE,34.033514,-118.257937,POINT(-118.257937 34.033514)
CB2083,1300 MAPLE AVE,34.033825,-118.25768,POINT(-118.25768 34.033825)
CB2081,1300 MAPLE AVE,34.033722,-118.257764,POINT(-118.257764 34.033722)
CB2080,1300 MAPLE AVE,34.03368,-118.2578,POINT(-118.2578 34.03368)
CB2087,1300 MAPLE AVE,34.034031,-118.257508,POINT(-118.257508 34.034031)
CB2082,1300 MAPLE AVE,34.033786,-118.257711,POINT(-118.257711 34.033786)
CB2088,1300 MAPLE AVE,34.034093,-118.257458,POINT(-118.257458 34.034093)
CB4151,1300 MYRTLE ST,34.032953,-118.256261,POINT(-118.256261 34.032953)
CB500,1300 SANTEE ST,34.034252,-118.258903,POINT(-118.258903 34.034252)
CB501,1300 SANTEE ST,34.034299,-118.258864,POINT(-118.258864 34.034299)
CB512,1300 SANTEE ST,34.034907,-118.258373,POINT(-118.258373 34.034907)
CB502,1300 SANTEE ST,34.034361,-118.258815,POINT(-118.258815 34.034361)
CB511,1300 SANTEE ST,34.034845,-118.258423,POINT(-118.258423 34.034845)
CB510,1300 SANTEE ST,34.034799,-118.25846,POINT(-118.25846 34.034799)
CB513,1300 SANTEE ST,34.034956,-118.258334,POINT(-118.258334 34.034956)
CB507,1300 SANTEE ST,34.034624,-118.258604,POINT(-118.258604 34.034624)
CB508,1300 SANTEE ST,34.034691,-118.258546,POINT(-118.258546 34.034691)
CB504,1300 SANTEE ST,34.034473,-118.258726,POINT(-118.258726 34.034473)
CB506,1300 SANTEE ST,34.034578,-118.258641,POINT(-118.258641 34.034578)
CB503,1300 SANTEE ST,34.034408,-118.258777,POINT(-118.258777 34.034408)
CB505,1300 SANTEE ST,34.034516,-118.25869,POINT(-118.25869 34.034516)
SV446,1300 VINE ST,34.097316,-118.326535,POINT(-118.326535 34.097316)
SV446A,1300 VINE ST,34.097364,-118.326537,POINT(-118.326537 34.097364)
SV438,1300 VINE ST,34.095854,-118.326528,POINT(-118.326528 34.095854)
SV428,1300 VINE ST,34.094816,-118.326522,POINT(-118.326522 34.094816)
SV425,1300 VINE ST,34.094637,-118.326524,POINT(-118.326524 34.094637)
SV427,1300 VINE ST,34.094767,-118.326523,POINT(-118.326523 34.094767)
C1028,1301 29TH ST,34.028451,-118.29103,POINT(-118.29103 34.028451)
C1030,1301 29TH ST,34.028451,-118.291291,POINT(-118.291291 34.028451)
C52,1301 30TH PL,34.026926,-118.292034,POINT(-118.292034 34.026926)
C51,1301 30TH PL,34.026927,-118.291826,POINT(-118.291826 34.026927)
C41,1301 30TH ST,34.027826,-118.291886,POINT(-118.291886 34.027826)
C40,1301 30TH ST,34.027827,-118.291785,POINT(-118.291785 34.027827)
C42,1301 30TH ST,34.027826,-118.291955,POINT(-118.291955 34.027826)
CB271,1301 BROADWAY,34.035924,-118.262264,POINT(-118.262264 34.035924)
CB274,1301 BROADWAY,34.035771,-118.262387,POINT(-118.262387 34.035771)
CB188,1301 GRAND AVE,34.037701,-118.265171,POINT(-118.265171 34.037701)
CB185,1301 GRAND AVE,34.037983,-118.264984,POINT(-118.264984 34.037983)
CB186,1301 GRAND AVE,34.037816,-118.265095,POINT(-118.265095 34.037816)
CB180,1301 GRAND AVE,34.038353,-118.264745,POINT(-118.264745 34.038353)
SV776,1301 HIGHLAND AVE,34.094832,-118.338751,POINT(-118.338751 34.094832)
SV777,1301 HIGHLAND AVE,34.094779,-118.33875,POINT(-118.33875 34.094779)
SV775,1301 HIGHLAND AVE,34.095016,-118.338752,POINT(-118.338752 34.095016)
SV774,1301 HIGHLAND AVE,34.095074,-118.338754,POINT(-118.338754 34.095074)
SV766,1301 HIGHLAND AVE,34.095723,-118.338759,POINT(-118.338759 34.095723)
SV771,1301 HIGHLAND AVE,34.095331,-118.338754,POINT(-118.338754 34.095331)
SV772,1301 HIGHLAND AVE,34.095201,-118.338753,POINT(-118.338753 34.095201)
SV767,1301 HIGHLAND AVE,34.095668,-118.338758,POINT(-118.338758 34.095668)
SV768,1301 HIGHLAND AVE,34.095596,-118.338756,POINT(-118.338756 34.095596)
SV769,1301 HIGHLAND AVE,34.095534,-118.338755,POINT(-118.338755 34.095534)
SV773,1301 HIGHLAND AVE,34.095148,-118.338753,POINT(-118.338753 34.095148)
SV771A,1301 HIGHLAND AVE,34.09528,-118.338755,POINT(-118.338755 34.09528)
SV762,1301 HIGHLAND AVE,34.09593,-118.338759,POINT(-118.338759 34.09593)
SV761,1301 HIGHLAND AVE,34.095996,-118.338759,POINT(-118.338759 34.095996)
CB234,1301 HILL ST,34.036874,-118.262912,POINT(-118.262912 34.036874)
CB233,1301 HILL ST,34.036964,-118.262839,POINT(-118.262839 34.036964)
CB115,1301 HOPE ST,34.039307,-118.265895,POINT(-118.265895 34.039307)
CB121,1301 HOPE ST,34.038863,-118.26618,POINT(-118.26618 34.038863)
CB114,1301 HOPE ST,34.039355,-118.265864,POINT(-118.265864 34.039355)
CB116,1301 HOPE ST,34.039238,-118.265937,POINT(-118.265937 34.039238)
SV668A,1301 LA BREA AVE,34.095528,-118.344219,POINT(-118.344219 34.095528)
SV671,1301 LA BREA AVE,34.095041,-118.344216,POINT(-118.344216 34.095041)
SV668,1301 LA BREA AVE,34.095644,-118.34422,POINT(-118.34422 34.095644)
SV665,1301 LA BREA AVE,34.095921,-118.344222,POINT(-118.344222 34.095921)
SV669,1301 LA BREA AVE,34.095452,-118.344219,POINT(-118.344219 34.095452)
SV670,1301 LA BREA AVE,34.0954,-118.344218,POINT(-118.344218 34.0954)
SV664,1301 LA BREA AVE,34.095982,-118.344223,POINT(-118.344223 34.095982)
SV666,1301 LA BREA AVE,34.095847,-118.344221,POINT(-118.344221 34.095847)
CB387,1301 LOS ANGELES ST,34.035641,-118.259537,POINT(-118.259537 34.035641)
CB393,1301 LOS ANGELES ST,34.03501,-118.260046,POINT(-118.260046 34.03501)
CB390A,1301 LOS ANGELES ST,34.035166,-118.259919,POINT(-118.259919 34.035166)
CB390,1301 LOS ANGELES ST,34.035232,-118.259865,POINT(-118.259865 34.035232)
CB391,1301 LOS ANGELES ST,34.03512,-118.259956,POINT(-118.259956 34.03512)
V120,1301 MAIN ST,33.989679,-118.472486,POINT(-118.472486 33.989679)
V124,1301 MAIN ST,33.989461,-118.472313,POINT(-118.472313 33.989461)
CB339,1301 MAIN ST,34.035377,-118.261287,POINT(-118.261287 34.035377)
CB341,1301 MAIN ST,34.035267,-118.261374,POINT(-118.261374 34.035267)
CB333,1301 MAIN ST,34.036076,-118.26072,POINT(-118.26072 34.036076)
CB337,1301 MAIN ST,34.035594,-118.261111,POINT(-118.261111 34.035594)
CB332,1301 MAIN ST,34.036189,-118.260628,POINT(-118.260628 34.036189)
CB338,1301 MAIN ST,34.035549,-118.261146,POINT(-118.261146 34.035549)
CB2035,1301 MAPLE AVE,34.034223,-118.257587,POINT(-118.257587 34.034223)
CB2044,1301 MAPLE AVE,34.033745,-118.257974,POINT(-118.257974 34.033745)
CB2042,1301 MAPLE AVE,34.033854,-118.257884,POINT(-118.257884 34.033854)
CB2040,1301 MAPLE AVE,34.03396,-118.257799,POINT(-118.257799 34.03396)
CB2037,1301 MAPLE AVE,34.034116,-118.257672,POINT(-118.257672 34.034116)
CB2043,1301 MAPLE AVE,34.033789,-118.257936,POINT(-118.257936 34.033789)
CB2039,1301 MAPLE AVE,34.034009,-118.257758,POINT(-118.257758 34.034009)
CB2033,1301 MAPLE AVE,34.034431,-118.257419,POINT(-118.257419 34.034431)
CB4168,1301 MYRTLE ST,34.03289,-118.256473,POINT(-118.256473 34.03289)
CB4167,1301 MYRTLE ST,34.032937,-118.25644,POINT(-118.25644 34.032937)
CB2851,1301 OLIVE ST,34.037881,-118.26353,POINT(-118.26353 34.037881)
CB2841,1301 OLIVE ST,34.036786,-118.264224,POINT(-118.264224 34.036786)
CB2849,1301 OLIVE ST,34.037758,-118.263575,POINT(-118.263575 34.037758)
CB2845,1301 OLIVE ST,34.037114,-118.263959,POINT(-118.263959 34.037114)
CB2846,1301 OLIVE ST,34.037165,-118.263918,POINT(-118.263918 34.037165)
CB459,1301 SANTEE ST,34.03436,-118.258987,POINT(-118.258987 34.03436)
CB451,1301 SANTEE ST,34.035011,-118.258461,POINT(-118.258461 34.035011)
CB452,1301 SANTEE ST,34.034895,-118.258556,POINT(-118.258556 34.034895)
CB454,1301 SANTEE ST,34.034724,-118.258694,POINT(-118.258694 34.034724)
CB455,1301 SANTEE ST,34.034688,-118.258723,POINT(-118.258723 34.034688)
CB458,1301 SANTEE ST,34.034407,-118.258949,POINT(-118.258949 34.034407)
CB457B,1301 SANTEE ST,34.034469,-118.258897,POINT(-118.258897 34.034469)
CB460,1301 SANTEE ST,34.034301,-118.259036,POINT(-118.259036 34.034301)
CB453,1301 SANTEE ST,34.034789,-118.258639,POINT(-118.258639 34.034789)
CB457,1301 SANTEE ST,34.03457,-118.258819,POINT(-118.258819 34.03457)
CB457A,1301 SANTEE ST,34.034518,-118.258856,POINT(-118.258856 34.034518)
CB452A,1301 SANTEE ST,34.034834,-118.258603,POINT(-118.258603 34.034834)
CB451A,1301 SANTEE ST,34.034965,-118.258499,POINT(-118.258499 34.034965)
SV403A,1301 VINE ST,34.095091,-118.326769,POINT(-118.326769 34.095091)
SV401A,1301 VINE ST,34.095651,-118.326789,POINT(-118.326789 34.095651)
C15,1400 27TH ST,34.03044,-118.291807,POINT(-118.291807 34.03044)
C14,1400 27TH ST,34.030438,-118.292022,POINT(-118.292022 34.030438)
C13,1400 27TH ST,34.030438,-118.292082,POINT(-118.292082 34.030438)
C33A,1400 29TH ST,34.028617,-118.291873,POINT(-118.291873 34.028617)
C32A,1400 29TH ST,34.028615,-118.29202,POINT(-118.29202 34.028615)
C33,1400 29TH ST,34.028617,-118.291934,POINT(-118.291934 34.028617)
C32,1400 29TH ST,34.028615,-118.292228,POINT(-118.292228 34.028615)
CB302,1400 BROADWAY,34.03507,-118.262721,POINT(-118.262721 34.03507)
CB300,1400 BROADWAY,34.034963,-118.26281,POINT(-118.26281 34.034963)
SV272,1400 CAHUENGA BLVD,34.096868,-118.329408,POINT(-118.329408 34.096868)
SV273,1400 CAHUENGA BLVD,34.096924,-118.329408,POINT(-118.329408 34.096924)
SV275,1400 CAHUENGA BLVD,34.097057,-118.32941,POINT(-118.32941 34.097057)
SV271,1400 CAHUENGA BLVD,34.096604,-118.329406,POINT(-118.329406 34.096604)
SV270,1400 CAHUENGA BLVD,34.096529,-118.329404,POINT(-118.329404 34.096529)
SV269,1400 CAHUENGA BLVD,34.096474,-118.329406,POINT(-118.329406 34.096474)
SV863,1400 CHEROKEE AVE,34.097342,-118.335213,POINT(-118.335213 34.097342)
SV456,1400 EL CENTRO AVE,34.097402,-118.32366,POINT(-118.32366 34.097402)
SV455,1400 EL CENTRO AVE,34.097354,-118.323659,POINT(-118.323659 34.097354)
SV458,1400 EL CENTRO AVE,34.097531,-118.32366,POINT(-118.32366 34.097531)
SV828,1400 HIGHLAND AVE,34.097177,-118.338533,POINT(-118.338533 34.097177)
SV826,1400 HIGHLAND AVE,34.097049,-118.338528,POINT(-118.338528 34.097049)
SV829,1400 HIGHLAND AVE,34.097234,-118.338529,POINT(-118.338529 34.097234)
SV827,1400 HIGHLAND AVE,34.097105,-118.338532,POINT(-118.338532 34.097105)
CB251A,1400 HILL ST,34.035621,-118.263687,POINT(-118.263687 34.035621)
CB252A,1400 HILL ST,34.035789,-118.26355,POINT(-118.26355 34.035789)
CB252,1400 HILL ST,34.035732,-118.263597,POINT(-118.263597 34.035732)
CB150,1400 HOPE ST,34.037657,-118.26673,POINT(-118.26673 34.037657)
CB149,1400 HOPE ST,34.037623,-118.266753,POINT(-118.266753 34.037623)
CB153,1400 HOPE ST,34.037763,-118.266662,POINT(-118.266662 34.037763)
CB142A,1400 HOPE ST,34.037345,-118.26693,POINT(-118.26693 34.037345)
SV700,1400 LA BREA AVE,34.096591,-118.343985,POINT(-118.343985 34.096591)
SV701,1400 LA BREA AVE,34.096649,-118.343983,POINT(-118.343983 34.096649)
SV703,1400 LA BREA AVE,34.096898,-118.343987,POINT(-118.343987 34.096898)
SV704,1400 LA BREA AVE,34.096976,-118.343988,POINT(-118.343988 34.096976)
SV699,1400 LA BREA AVE,34.096514,-118.343983,POINT(-118.343983 34.096514)
SV702,1400 LA BREA AVE,34.096844,-118.343986,POINT(-118.343986 34.096844)
SV697,1400 LA BREA AVE,34.096383,-118.343983,POINT(-118.343983 34.096383)
CB421,1400 LOS ANGELES ST,34.034039,-118.260596,POINT(-118.260596 34.034039)
CB422,1400 LOS ANGELES ST,34.034102,-118.260545,POINT(-118.260545 34.034102)
CB418,1400 LOS ANGELES ST,34.033818,-118.260775,POINT(-118.260775 34.033818)
CB419,1400 LOS ANGELES ST,34.033882,-118.260723,POINT(-118.260723 34.033882)
CB425,1400 LOS ANGELES ST,34.034262,-118.260416,POINT(-118.260416 34.034262)
CB424,1400 LOS ANGELES ST,34.034213,-118.260456,POINT(-118.260456 34.034213)
V112,1400 MAIN ST,33.989186,-118.471788,POINT(-118.471788 33.989186)
V110,1400 MAIN ST,33.989076,-118.4717,POINT(-118.4717 33.989076)
V111,1400 MAIN ST,33.989134,-118.471746,POINT(-118.471746 33.989134)
V108,1400 MAIN ST,33.988963,-118.47161,POINT(-118.47161 33.988963)
V113,1400 MAIN ST,33.989252,-118.471836,POINT(-118.471836 33.989252)
V109,1400 MAIN ST,33.989021,-118.471658,POINT(-118.471658 33.989021)
CB368A,1400 MAIN ST,34.03484,-118.261439,POINT(-118.261439 34.03484)
CB364,1400 MAIN ST,34.034428,-118.261769,POINT(-118.261769 34.034428)
CB369,1400 MAIN ST,34.034929,-118.261367,POINT(-118.261367 34.034929)
CB366,1400 MAIN ST,34.034544,-118.261677,POINT(-118.261677 34.034544)
CB372,1400 MAIN ST,34.035099,-118.261229,POINT(-118.261229 34.035099)
CB371,1400 MAIN ST,34.035037,-118.261279,POINT(-118.261279 34.035037)
CB370,1400 MAIN ST,34.034988,-118.261318,POINT(-118.261318 34.034988)
CB367,1400 MAIN ST,34.034607,-118.261628,POINT(-118.261628 34.034607)
SV746,1400 MANSFIELD AVE,34.097477,-118.340423,POINT(-118.340423 34.097477)
CB2073,1400 MAPLE AVE,34.033155,-118.258226,POINT(-118.258226 34.033155)
CB2076,1400 MAPLE AVE,34.033299,-118.258109,POINT(-118.258109 34.033299)
CB2075,1400 MAPLE AVE,34.033255,-118.258145,POINT(-118.258145 34.033255)
CB2071,1400 MAPLE AVE,34.033048,-118.258313,POINT(-118.258313 34.033048)
CB2070,1400 MAPLE AVE,34.032986,-118.258361,POINT(-118.258361 34.032986)
CB4146,1400 MYRTLE ST,34.032278,-118.256773,POINT(-118.256773 34.032278)
CB4138,1400 MYRTLE ST,34.031852,-118.257092,POINT(-118.257092 34.031852)
CB4140,1400 MYRTLE ST,34.031959,-118.257009,POINT(-118.257009 34.031959)
CB2864,1400 OLIVE ST,34.0362,-118.26446,POINT(-118.26446 34.0362)
CB2861,1400 OLIVE ST,34.036047,-118.264584,POINT(-118.264584 34.036047)
SV727,1400 ORANGE DR,34.09753,-118.341495,POINT(-118.341495 34.09753)
SV726,1400 ORANGE DR,34.097474,-118.341495,POINT(-118.341495 34.097474)
CB2363,1400 SAN PEDRO ST,34.031478,-118.254763,POINT(-118.254763 34.031478)
CB2368,1400 SAN PEDRO ST,34.031754,-118.254577,POINT(-118.254577 34.031754)
CB2370,1400 SAN PEDRO ST,34.031868,-118.254498,POINT(-118.254498 34.031868)
CB2367,1400 SAN PEDRO ST,34.031704,-118.254612,POINT(-118.254612 34.031704)
CB2364,1400 SAN PEDRO ST,34.031526,-118.254731,POINT(-118.254731 34.031526)
CB2369,1400 SAN PEDRO ST,34.031822,-118.254529,POINT(-118.254529 34.031822)
CB2366,1400 SAN PEDRO ST,34.031639,-118.254653,POINT(-118.254653 34.031639)
CB2361,1400 SAN PEDRO ST,34.030913,-118.255114,POINT(-118.255114 34.030913)
CB2359,1400 SAN PEDRO ST,34.030802,-118.255189,POINT(-118.255189 34.030802)
CB2362,1400 SAN PEDRO ST,34.030958,-118.255083,POINT(-118.255083 34.030958)
CB2358A,1400 SAN PEDRO ST,34.030739,-118.255231,POINT(-118.255231 34.030739)
CB2360,1400 SAN PEDRO ST,34.030849,-118.255157,POINT(-118.255157 34.030849)
CB496,1400 SANTEE ST,34.033563,-118.259458,POINT(-118.259458 34.033563)
CB491,1400 SANTEE ST,34.033275,-118.259691,POINT(-118.259691 34.033275)
CB493,1400 SANTEE ST,34.033389,-118.259601,POINT(-118.259601 34.033389)
CB492,1400 SANTEE ST,34.033339,-118.25964,POINT(-118.25964 34.033339)
CB494,1400 SANTEE ST,34.033455,-118.259546,POINT(-118.259546 34.033455)
CB495,1400 SANTEE ST,34.033498,-118.259512,POINT(-118.259512 34.033498)
CB498,1400 SANTEE ST,34.033741,-118.259316,POINT(-118.259316 34.033741)
CB497,1400 SANTEE ST,34.033608,-118.259422,POINT(-118.259422 34.033608)
SV871,1400 SEWARD ST,34.097704,-118.333153,POINT(-118.333153 34.097704)
SV880,1400 VINE ST,34.096592,-118.326533,POINT(-118.326533 34.096592)
SV881,1400 VINE ST,34.096643,-118.326532,POINT(-118.326532 34.096643)
SV248,1400 WILCOX AVE,34.097453,-118.330934,POINT(-118.330934 34.097453)
SV249,1400 WILCOX AVE,34.097529,-118.330934,POINT(-118.330934 34.097529)
SV247,1400 WILCOX AVE,34.097394,-118.330934,POINT(-118.330934 34.097394)
SV250,1400 WILCOX AVE,34.097586,-118.330934,POINT(-118.330934 34.097586)
SV251,1400 WILCOX AVE,34.097653,-118.330934,POINT(-118.330934 34.097653)
SV244B,1400 WILCOX AVE,34.097047,-118.33093,POINT(-118.33093 34.097047)
SV246,1400 WILCOX AVE,34.09719,-118.330933,POINT(-118.330933 34.09719)
SV241,1400 WILCOX AVE,34.09674,-118.330931,POINT(-118.330931 34.09674)
SV242,1400 WILCOX AVE,34.096793,-118.330931,POINT(-118.330931 34.096793)
SV243,1400 WILCOX AVE,34.09687,-118.330931,POINT(-118.330931 34.09687)
SV240,1400 WILCOX AVE,34.096605,-118.33093,POINT(-118.33093 34.096605)
SV238,1400 WILCOX AVE,34.096457,-118.330928,POINT(-118.330928 34.096457)
C12,1401 27TH ST,34.030543,-118.291855,POINT(-118.291855 34.030543)
C29,1401 29TH ST,34.028737,-118.291808,POINT(-118.291808 34.028737)
C30,1401 29TH ST,34.028737,-118.291873,POINT(-118.291873 34.028737)
C31,1401 29TH ST,34.028734,-118.292062,POINT(-118.292062 34.028734)
CB282,1401 BROADWAY,34.035197,-118.262854,POINT(-118.262854 34.035197)
CB283,1401 BROADWAY,34.035154,-118.262888,POINT(-118.262888 34.035154)
CB281,1401 BROADWAY,34.035264,-118.262798,POINT(-118.262798 34.035264)
SV261,1401 CAHUENGA BLVD,34.096725,-118.329601,POINT(-118.329601 34.096725)
SV261A,1401 CAHUENGA BLVD,34.096639,-118.3296,POINT(-118.3296 34.096639)
SV259,1401 CAHUENGA BLVD,34.096952,-118.329604,POINT(-118.329604 34.096952)
SV262,1401 CAHUENGA BLVD,34.096586,-118.329602,POINT(-118.329602 34.096586)
SV892,1401 CHEROKEE AVE,34.096896,-118.335349,POINT(-118.335349 34.096896)
SV891,1401 CHEROKEE AVE,34.096954,-118.335349,POINT(-118.335349 34.096954)
SV447,1401 EL CENTRO AVE,34.097584,-118.323782,POINT(-118.323782 34.097584)
SV449,1401 EL CENTRO AVE,34.097448,-118.323783,POINT(-118.323783 34.097448)
SV452,1401 EL CENTRO AVE,34.097259,-118.323782,POINT(-118.323782 34.097259)
SV451,1401 EL CENTRO AVE,34.097318,-118.323783,POINT(-118.323783 34.097318)
SV754,1401 HIGHLAND AVE,34.097359,-118.338776,POINT(-118.338776 34.097359)
SV758,1401 HIGHLAND AVE,34.096762,-118.338784,POINT(-118.338784 34.096762)
SV757,1401 HIGHLAND AVE,34.096805,-118.338784,POINT(-118.338784 34.096805)
SV760,1401 HIGHLAND AVE,34.096676,-118.338784,POINT(-118.338784 34.096676)
SV759,1401 HIGHLAND AVE,34.096718,-118.338784,POINT(-118.338784 34.096718)
CB239,1401 HILL ST,34.035959,-118.263653,POINT(-118.263653 34.035959)
CB240,1401 HILL ST,34.035913,-118.26369,POINT(-118.26369 34.035913)
CB130,1401 HOPE ST,34.037614,-118.266981,POINT(-118.266981 34.037614)
CB132,1401 HOPE ST,34.037501,-118.267052,POINT(-118.267052 34.037501)
CB133,1401 HOPE ST,34.037433,-118.267097,POINT(-118.267097 34.037433)
CB134,1401 HOPE ST,34.037387,-118.267126,POINT(-118.267126 34.037387)
CB126,1401 HOPE ST,34.038401,-118.266475,POINT(-118.266475 34.038401)
CB125,1401 HOPE ST,34.038467,-118.266433,POINT(-118.266433 34.038467)
CB124,1401 HOPE ST,34.038512,-118.266405,POINT(-118.266405 34.038512)
CB129,1401 HOPE ST,34.037658,-118.266952,POINT(-118.266952 34.037658)
SV291A,1401 IVAR AVE,34.096857,-118.32889,POINT(-118.32889 34.096857)
SV288,1401 IVAR AVE,34.097509,-118.328892,POINT(-118.328892 34.097509)
SV290A,1401 IVAR AVE,34.097336,-118.328892,POINT(-118.328892 34.097336)
SV287,1401 IVAR AVE,34.097586,-118.328892,POINT(-118.328892 34.097586)
SV284,1401 IVAR AVE,34.097769,-118.328893,POINT(-118.328893 34.097769)
SV290,1401 IVAR AVE,34.097388,-118.328892,POINT(-118.328892 34.097388)
SV289,1401 IVAR AVE,34.097447,-118.328891,POINT(-118.328891 34.097447)
SV285,1401 IVAR AVE,34.097716,-118.328893,POINT(-118.328893 34.097716)
SV292,1401 IVAR AVE,34.09658,-118.328887,POINT(-118.328887 34.09658)
SV291,1401 IVAR AVE,34.096901,-118.32889,POINT(-118.32889 34.096901)
SV652A,1401 LA BREA AVE,34.097327,-118.34423,POINT(-118.34423 34.097327)
SV652,1401 LA BREA AVE,34.097439,-118.344231,POINT(-118.344231 34.097439)
SV654,1401 LA BREA AVE,34.097143,-118.34423,POINT(-118.34423 34.097143)
SV655,1401 LA BREA AVE,34.097085,-118.34423,POINT(-118.34423 34.097085)
SV658,1401 LA BREA AVE,34.096691,-118.344225,POINT(-118.344225 34.096691)
SV657,1401 LA BREA AVE,34.09683,-118.344228,POINT(-118.344228 34.09683)
SV653,1401 LA BREA AVE,34.097216,-118.344231,POINT(-118.344231 34.097216)
CB404,1401 LOS ANGELES ST,34.034071,-118.260806,POINT(-118.260806 34.034071)
CB405,1401 LOS ANGELES ST,34.034028,-118.260842,POINT(-118.260842 34.034028)
CB400,1401 LOS ANGELES ST,34.034289,-118.260631,POINT(-118.260631 34.034289)
CB406,1401 LOS ANGELES ST,34.033962,-118.260894,POINT(-118.260894 34.033962)
CB407,1401 LOS ANGELES ST,34.033916,-118.260932,POINT(-118.260932 34.033916)
CB398,1401 LOS ANGELES ST,34.034405,-118.260537,POINT(-118.260537 34.034405)
CB403,1401 LOS ANGELES ST,34.03414,-118.26075,POINT(-118.26075 34.03414)
CB396,1401 LOS ANGELES ST,34.034517,-118.260445,POINT(-118.260445 34.034517)
CB397,1401 LOS ANGELES ST,34.034469,-118.260482,POINT(-118.260482 34.034469)
V166,1401 MAIN ST,33.989101,-118.472028,POINT(-118.472028 33.989101)
V168,1401 MAIN ST,33.988986,-118.471936,POINT(-118.471936 33.988986)
V165,1401 MAIN ST,33.989143,-118.472061,POINT(-118.472061 33.989143)
V167,1401 MAIN ST,33.989035,-118.471974,POINT(-118.471974 33.989035)
CB348,1401 MAIN ST,34.034491,-118.262002,POINT(-118.262002 34.034491)
CB345,1401 MAIN ST,34.034766,-118.26178,POINT(-118.26178 34.034766)
CB346,1401 MAIN ST,34.034648,-118.261878,POINT(-118.261878 34.034648)
CB345A,1401 MAIN ST,34.034699,-118.261836,POINT(-118.261836 34.034699)
CB347,1401 MAIN ST,34.034541,-118.261961,POINT(-118.261961 34.034541)
SV742A,1401 MANSFIELD AVE,34.097367,-118.340547,POINT(-118.340547 34.097367)
CB2066,1401 MAPLE AVE,34.032796,-118.258738,POINT(-118.258738 34.032796)
CB2061,1401 MAPLE AVE,34.033046,-118.258537,POINT(-118.258537 34.033046)
CB2063,1401 MAPLE AVE,34.032943,-118.258621,POINT(-118.258621 34.032943)
CB2064,1401 MAPLE AVE,34.032899,-118.258656,POINT(-118.258656 34.032899)
CB2062,1401 MAPLE AVE,34.033002,-118.258572,POINT(-118.258572 34.033002)
CB2065,1401 MAPLE AVE,34.032838,-118.258705,POINT(-118.258705 34.032838)
CB2067,1401 MAPLE AVE,34.032732,-118.258791,POINT(-118.258791 34.032732)
CB2060,1401 MAPLE AVE,34.033292,-118.258337,POINT(-118.258337 34.033292)
CB2059,1401 MAPLE AVE,34.033329,-118.258309,POINT(-118.258309 34.033329)
CB4177,1401 MYRTLE ST,34.032259,-118.256953,POINT(-118.256953 34.032259)
CB4170,1401 MYRTLE ST,34.032618,-118.25668,POINT(-118.25668 34.032618)
CB2840,1401 OLIVE ST,34.036465,-118.264486,POINT(-118.264486 34.036465)
CB2839,1401 OLIVE ST,34.036421,-118.264522,POINT(-118.264522 34.036421)
CB2835,1401 OLIVE ST,34.036214,-118.264687,POINT(-118.264687 34.036214)
CB2341,1401 SAN PEDRO ST,34.031646,-118.254899,POINT(-118.254899 34.031646)
CB2343,1401 SAN PEDRO ST,34.031072,-118.255285,POINT(-118.255285 34.031072)
CB2345,1401 SAN PEDRO ST,34.030958,-118.255362,POINT(-118.255362 34.030958)
CB2344,1401 SAN PEDRO ST,34.031006,-118.255329,POINT(-118.255329 34.031006)
CB2332,1401 SAN PEDRO ST,34.032218,-118.254509,POINT(-118.254509 34.032218)
CB2339,1401 SAN PEDRO ST,34.031758,-118.254822,POINT(-118.254822 34.031758)
CB2338,1401 SAN PEDRO ST,34.031825,-118.254776,POINT(-118.254776 34.031825)
CB473,1401 SANTEE ST,34.033274,-118.259866,POINT(-118.259866 34.033274)
CB470,1401 SANTEE ST,34.033484,-118.259694,POINT(-118.259694 34.033484)
CB469,1401 SANTEE ST,34.033545,-118.259646,POINT(-118.259646 34.033545)
CB471,1401 SANTEE ST,34.03338,-118.25978,POINT(-118.25978 34.03338)
CB472,1401 SANTEE ST,34.033332,-118.25982,POINT(-118.25982 34.033332)
CB468,1401 SANTEE ST,34.033589,-118.259609,POINT(-118.259609 34.033589)
CB466,1401 SANTEE ST,34.033764,-118.259469,POINT(-118.259469 34.033764)
CB464,1401 SANTEE ST,34.033876,-118.25938,POINT(-118.25938 34.033876)
CB463,1401 SANTEE ST,34.033921,-118.259343,POINT(-118.259343 34.033921)
CB462,1401 SANTEE ST,34.033983,-118.259293,POINT(-118.259293 34.033983)
CB467,1401 SANTEE ST,34.033655,-118.259558,POINT(-118.259558 34.033655)
SV867,1401 SEWARD ST,34.097673,-118.333286,POINT(-118.333286 34.097673)
SV394,1401 VINE ST,34.097222,-118.326776,POINT(-118.326776 34.097222)
SV395,1401 VINE ST,34.097041,-118.326778,POINT(-118.326778 34.097041)
SV394A,1401 VINE ST,34.097167,-118.326777,POINT(-118.326777 34.097167)
SV223,1401 WILCOX AVE,34.097627,-118.331117,POINT(-118.331117 34.097627)
SV227,1401 WILCOX AVE,34.096931,-118.331093,POINT(-118.331093 34.096931)
SV230,1401 WILCOX AVE,34.096651,-118.331095,POINT(-118.331095 34.096651)
SV229,1401 WILCOX AVE,34.096803,-118.331093,POINT(-118.331093 34.096803)
SV222,1401 WILCOX AVE,34.097704,-118.331118,POINT(-118.331118 34.097704)
SV221,1401 WILCOX AVE,34.09776,-118.33112,POINT(-118.33112 34.09776)
CB307,150 14TH ST,34.035057,-118.261731,POINT(-118.261731 34.035057)
CB305,150 14TH ST,34.035273,-118.262116,POINT(-118.262116 34.035273)
SV574,1500 ARGYLE AVE,34.098231,-118.325055,POINT(-118.325055 34.098231)
SV577,1500 ARGYLE AVE,34.098756,-118.325058,POINT(-118.325058 34.098756)
SV574A,1500 ARGYLE AVE,34.098281,-118.325055,POINT(-118.325055 34.098281)
SV575,1500 ARGYLE AVE,34.098357,-118.325056,POINT(-118.325056 34.098357)
CB294,1500 BROADWAY,34.034284,-118.263355,POINT(-118.263355 34.034284)
CB296,1500 BROADWAY,34.034506,-118.263178,POINT(-118.263178 34.034506)
SV54B,1500 CAHUENGA BLVD,34.099444,-118.329424,POINT(-118.329424 34.099444)
SV50,1500 CAHUENGA BLVD,34.098945,-118.32942,POINT(-118.32942 34.098945)
SV48,1500 CAHUENGA BLVD,34.098787,-118.32942,POINT(-118.32942 34.098787)
SV540,1500 EL CENTRO AVE,34.098257,-118.323662,POINT(-118.323662 34.098257)
SV907,1500 GOWER ST,34.099122,-118.322236,POINT(-118.322236 34.099122)
CB205A,1500 GRAND AVE,34.036219,-118.265907,POINT(-118.265907 34.036219)
CB202,1500 GRAND AVE,34.035935,-118.266088,POINT(-118.266088 34.035935)
CB201,1500 GRAND AVE,34.035887,-118.26612,POINT(-118.26612 34.035887)
CB205,1500 GRAND AVE,34.036175,-118.265936,POINT(-118.265936 34.036175)
SV619,1500 HIGHLAND AVE,34.099312,-118.338555,POINT(-118.338555 34.099312)
SV617,1500 HIGHLAND AVE,34.099183,-118.338553,POINT(-118.338553 34.099183)
SV618,1500 HIGHLAND AVE,34.099258,-118.338553,POINT(-118.338553 34.099258)
SV620,1500 HIGHLAND AVE,34.09939,-118.338555,POINT(-118.338555 34.09939)
SV616A,1500 HIGHLAND AVE,34.099126,-118.338552,POINT(-118.338552 34.099126)
SV614,1500 HIGHLAND AVE,34.098484,-118.338545,POINT(-118.338545 34.098484)
SV614A,1500 HIGHLAND AVE,34.098657,-118.338546,POINT(-118.338546 34.098657)
CB1953B,1500 HILL ST,34.03517,-118.264054,POINT(-118.264054 34.03517)
SV18,1500 IVAR AVE,34.098593,-118.328661,POINT(-118.328661 34.098593)
SV24,1500 IVAR AVE,34.099189,-118.328407,POINT(-118.328407 34.099189)
SV28,1500 IVAR AVE,34.099442,-118.328272,POINT(-118.328272 34.099442)
SV26,1500 IVAR AVE,34.099318,-118.328338,POINT(-118.328338 34.099318)
SV22,1500 IVAR AVE,34.099059,-118.328473,POINT(-118.328473 34.099059)
SV23,1500 IVAR AVE,34.099138,-118.328433,POINT(-118.328433 34.099138)
SV27,1500 IVAR AVE,34.099392,-118.3283,POINT(-118.3283 34.099392)
SV25,1500 IVAR AVE,34.099265,-118.328365,POINT(-118.328365 34.099265)
SV21,1500 IVAR AVE,34.09901,-118.328499,POINT(-118.328499 34.09901)
SV595,1500 LAS PALMAS AVE,34.098262,-118.336252,POINT(-118.336252 34.098262)
SV605,1500 LAS PALMAS AVE,34.099388,-118.336255,POINT(-118.336255 34.099388)
SV604,1500 LAS PALMAS AVE,34.099311,-118.336255,POINT(-118.336255 34.099311)
SV606,1500 LAS PALMAS AVE,34.099442,-118.336255,POINT(-118.336255 34.099442)
SV602,1500 LAS PALMAS AVE,34.099175,-118.336254,POINT(-118.336254 34.099175)
SV603,1500 LAS PALMAS AVE,34.099249,-118.336253,POINT(-118.336253 34.099249)
SV598,1500 LAS PALMAS AVE,34.098666,-118.336254,POINT(-118.336254 34.098666)
CB413,1500 LOS ANGELES ST,34.033289,-118.261205,POINT(-118.261205 34.033289)
CB416,1500 LOS ANGELES ST,34.033461,-118.261061,POINT(-118.261061 34.033461)
CB415,1500 LOS ANGELES ST,34.033399,-118.261111,POINT(-118.261111 34.033399)
CB414,1500 LOS ANGELES ST,34.033352,-118.26115,POINT(-118.26115 34.033352)
CB411,1500 LOS ANGELES ST,34.033177,-118.261291,POINT(-118.261291 34.033177)
CB410,1500 LOS ANGELES ST,34.033129,-118.261331,POINT(-118.261331 34.033129)
CB2859A,1500 OLIVE ST,34.035664,-118.264893,POINT(-118.264893 34.035664)
CB2856,1500 OLIVE ST,34.035452,-118.26506,POINT(-118.26506 34.035452)
CB2858,1500 OLIVE ST,34.035559,-118.264979,POINT(-118.264979 34.035559)
CB2859,1500 OLIVE ST,34.035603,-118.264941,POINT(-118.264941 34.035603)
V208,1500 PARK ROW,33.988177,-118.472061,POINT(-118.472061 33.988177)
V212,1500 PARK ROW,33.988399,-118.47224,POINT(-118.47224 33.988399)
V211,1500 PARK ROW,33.988332,-118.472186,POINT(-118.472186 33.988332)
V209,1500 PARK ROW,33.988225,-118.4721,POINT(-118.4721 33.988225)
V207,1500 PARK ROW,33.988115,-118.472012,POINT(-118.472012 33.988115)
V213,1500 PARK ROW,33.988446,-118.472277,POINT(-118.472277 33.988446)
V206,1500 PARK ROW,33.988068,-118.471974,POINT(-118.471974 33.988068)
CB2354,1500 SAN PEDRO ST,34.030256,-118.255591,POINT(-118.255591 34.030256)
CB2356,1500 SAN PEDRO ST,34.030372,-118.255514,POINT(-118.255514 34.030372)
CB2355,1500 SAN PEDRO ST,34.030305,-118.25556,POINT(-118.25556 34.030305)
CB486,1500 SANTEE ST,34.032763,-118.260106,POINT(-118.260106 34.032763)
CB485,1500 SANTEE ST,34.032695,-118.260161,POINT(-118.260161 34.032695)
CB484,1500 SANTEE ST,34.032652,-118.260195,POINT(-118.260195 34.032652)
CB489,1500 SANTEE ST,34.032916,-118.259982,POINT(-118.259982 34.032916)
CB488,1500 SANTEE ST,34.032875,-118.260017,POINT(-118.260017 34.032875)
SV125,1500 SCHRADER BLVD,34.099242,-118.3324,POINT(-118.3324 34.099242)
SV122,1500 SCHRADER BLVD,34.099048,-118.332399,POINT(-118.332399 34.099048)
SV118,1500 SCHRADER BLVD,34.098404,-118.332393,POINT(-118.332393 34.098404)
SV121,1500 SCHRADER BLVD,34.098853,-118.332396,POINT(-118.332396 34.098853)
SV128A,1500 SCHRADER BLVD,34.099569,-118.332402,POINT(-118.332402 34.099569)
SV115,1500 SCHRADER BLVD,34.098229,-118.332391,POINT(-118.332391 34.098229)
SV116,1500 SCHRADER BLVD,34.098279,-118.332393,POINT(-118.332393 34.098279)
SV123,1500 SCHRADER BLVD,34.099106,-118.332399,POINT(-118.332399 34.099106)
SV117,1500 SCHRADER BLVD,34.098363,-118.332393,POINT(-118.332393 34.098363)
SV126,1500 SCHRADER BLVD,34.099316,-118.3324,POINT(-118.3324 34.099316)
SV129,1500 SCHRADER BLVD,34.099615,-118.332403,POINT(-118.332403 34.099615)
SV586,1501 ARGYLE AVE,34.099529,-118.325261,POINT(-118.325261 34.099529)
SV873,1501 ARGYLE AVE,34.098671,-118.325255,POINT(-118.325255 34.098671)
SV587,1501 ARGYLE AVE,34.099455,-118.32526,POINT(-118.32526 34.099455)
SV57,1501 CAHUENGA BLVD,34.099537,-118.329619,POINT(-118.329619 34.099537)
SV61,1501 CAHUENGA BLVD,34.099083,-118.329617,POINT(-118.329617 34.099083)
SV60,1501 CAHUENGA BLVD,34.099141,-118.329616,POINT(-118.329616 34.099141)
SV62,1501 CAHUENGA BLVD,34.099005,-118.329614,POINT(-118.329614 34.099005)
SV58,1501 CAHUENGA BLVD,34.099467,-118.329622,POINT(-118.329622 34.099467)
SV59,1501 CAHUENGA BLVD,34.099325,-118.32962,POINT(-118.32962 34.099325)
SV570,1501 EL CENTRO AVE,34.098524,-118.323824,POINT(-118.323824 34.098524)
CB196,1501 GRAND AVE,34.036345,-118.266096,POINT(-118.266096 34.036345)
CB197,1501 GRAND AVE,34.0363,-118.266125,POINT(-118.266125 34.0363)
CB245,1501 HILL ST,34.035184,-118.264279,POINT(-118.264279 34.035184)
CB246,1501 HILL ST,34.035137,-118.264319,POINT(-118.264319 34.035137)
CB135A,1501 HOPE ST,34.036823,-118.267487,POINT(-118.267487 34.036823)
CB136A,1501 HOPE ST,34.036669,-118.267586,POINT(-118.267586 34.036669)
CB136,1501 HOPE ST,34.036712,-118.267558,POINT(-118.267558 34.036712)
CB135B,1501 HOPE ST,34.03678,-118.267515,POINT(-118.267515 34.03678)
CB135,1501 HOPE ST,34.036889,-118.267445,POINT(-118.267445 34.036889)
SV46,1501 IVAR AVE,34.098396,-118.328823,POINT(-118.328823 34.098396)
SV42,1501 IVAR AVE,34.098706,-118.328818,POINT(-118.328818 34.098706)
SV44,1501 IVAR AVE,34.098557,-118.328823,POINT(-118.328823 34.098557)
SV40,1501 IVAR AVE,34.098839,-118.328766,POINT(-118.328766 34.098839)
SV46A,1501 IVAR AVE,34.098334,-118.328822,POINT(-118.328822 34.098334)
SV30,1501 IVAR AVE,34.099576,-118.328382,POINT(-118.328382 34.099576)
SV35,1501 IVAR AVE,34.099288,-118.328532,POINT(-118.328532 34.099288)
SV33,1501 IVAR AVE,34.099406,-118.32847,POINT(-118.32847 34.099406)
SV32,1501 IVAR AVE,34.099455,-118.328445,POINT(-118.328445 34.099455)
SV34,1501 IVAR AVE,34.099338,-118.328507,POINT(-118.328507 34.099338)
SV39,1501 IVAR AVE,34.098997,-118.328684,POINT(-118.328684 34.098997)
SV38,1501 IVAR AVE,34.099069,-118.328646,POINT(-118.328646 34.099069)
SV645,1501 LA BREA AVE,34.099429,-118.34467,POINT(-118.34467 34.099429)
SV647,1501 LA BREA AVE,34.099177,-118.344595,POINT(-118.344595 34.099177)
SV650,1501 LA BREA AVE,34.098769,-118.344475,POINT(-118.344475 34.098769)
SV608A,1501 LAS PALMAS AVE,34.098428,-118.336379,POINT(-118.336379 34.098428)
SV608,1501 LAS PALMAS AVE,34.098486,-118.336377,POINT(-118.336377 34.098486)
CB408,1501 LOS ANGELES ST,34.033483,-118.261282,POINT(-118.261282 34.033483)
CB408B,1501 LOS ANGELES ST,34.033384,-118.261355,POINT(-118.261355 34.033384)
CB409,1501 LOS ANGELES ST,34.033298,-118.261434,POINT(-118.261434 34.033298)
CB409A,1501 LOS ANGELES ST,34.033255,-118.261468,POINT(-118.261468 34.033255)
CB408A,1501 LOS ANGELES ST,34.033435,-118.26132,POINT(-118.26132 34.033435)
61322,1501 MAIN ST,33.988649,-118.471642,POINT(-118.471642 33.988649)
61323,1501 MAIN ST,33.98859,-118.471597,POINT(-118.471597 33.98859)
61321,1501 MAIN ST,33.988695,-118.471677,POINT(-118.471677 33.988695)
61324,1501 MAIN ST,33.988546,-118.471562,POINT(-118.471562 33.988546)
61325,1501 MAIN ST,33.988483,-118.471515,POINT(-118.471515 33.988483)
CB349,1501 MAIN ST,34.034195,-118.262244,POINT(-118.262244 34.034195)
SV611,1501 MCCADDEN PL,34.098348,-118.337619,POINT(-118.337619 34.098348)
SV610,1501 MCCADDEN PL,34.098432,-118.337619,POINT(-118.337619 34.098432)
CB2828,1501 OLIVE ST,34.035427,-118.265317,POINT(-118.265317 34.035427)
CB2829,1501 OLIVE ST,34.035473,-118.265282,POINT(-118.265282 34.035473)
CB2831,1501 OLIVE ST,34.035666,-118.265128,POINT(-118.265128 34.035666)
CB2832,1501 OLIVE ST,34.035733,-118.265075,POINT(-118.265075 34.035733)
CB2830,1501 OLIVE ST,34.035623,-118.265162,POINT(-118.265162 34.035623)
CB2350,1501 SAN PEDRO ST,34.030447,-118.255711,POINT(-118.255711 34.030447)
CB2348,1501 SAN PEDRO ST,34.030559,-118.255635,POINT(-118.255635 34.030559)
CB2352,1501 SAN PEDRO ST,34.030315,-118.255801,POINT(-118.255801 34.030315)
CB479,1501 SANTEE ST,34.032841,-118.260214,POINT(-118.260214 34.032841)
CB481,1501 SANTEE ST,34.03261,-118.260402,POINT(-118.260402 34.03261)
CB477,1501 SANTEE ST,34.032946,-118.260131,POINT(-118.260131 34.032946)
CB480,1501 SANTEE ST,34.032659,-118.260363,POINT(-118.260363 34.032659)
CB476,1501 SANTEE ST,34.032991,-118.260094,POINT(-118.260094 34.032991)
CB478,1501 SANTEE ST,34.032886,-118.260179,POINT(-118.260179 34.032886)
SV144,1501 SCHRADER BLVD,34.098302,-118.332529,POINT(-118.332529 34.098302)
SV140,1501 SCHRADER BLVD,34.098754,-118.332532,POINT(-118.332532 34.098754)
SV141,1501 SCHRADER BLVD,34.098557,-118.332531,POINT(-118.332531 34.098557)
SV143,1501 SCHRADER BLVD,34.09837,-118.33253,POINT(-118.33253 34.09837)
SV145,1501 SCHRADER BLVD,34.098246,-118.332529,POINT(-118.332529 34.098246)
SV136,1501 SCHRADER BLVD,34.099185,-118.332536,POINT(-118.332536 34.099185)
SV134,1501 SCHRADER BLVD,34.099304,-118.332537,POINT(-118.332537 34.099304)
SV132,1501 SCHRADER BLVD,34.099436,-118.332538,POINT(-118.332538 34.099436)
SV133,1501 SCHRADER BLVD,34.099381,-118.332537,POINT(-118.332537 34.099381)
HO285,1501 VINE ST,34.098619,-118.326786,POINT(-118.326786 34.098619)
HO280A,1501 VINE ST,34.099585,-118.326791,POINT(-118.326791 34.099585)
HO280B,1501 VINE ST,34.099514,-118.32679,POINT(-118.32679 34.099514)
HO281B,1501 VINE ST,34.099252,-118.326789,POINT(-118.326789 34.099252)
HO281A,1501 VINE ST,34.099331,-118.326789,POINT(-118.326789 34.099331)
HO280C,1501 VINE ST,34.099458,-118.32679,POINT(-118.32679 34.099458)
SV105,1501 WILCOX AVE,34.098337,-118.331106,POINT(-118.331106 34.098337)
SV103,1501 WILCOX AVE,34.098625,-118.331107,POINT(-118.331107 34.098625)
SV106,1501 WILCOX AVE,34.098266,-118.331105,POINT(-118.331105 34.098266)
SV96,1501 WILCOX AVE,34.099345,-118.331113,POINT(-118.331113 34.099345)
SV107,1501 WILCOX AVE,34.098215,-118.331105,POINT(-118.331105 34.098215)
SV97,1501 WILCOX AVE,34.099279,-118.331112,POINT(-118.331112 34.099279)
SV104,1501 WILCOX AVE,34.098392,-118.331105,POINT(-118.331105 34.098392)
SV95,1501 WILCOX AVE,34.099396,-118.331113,POINT(-118.331113 34.099396)
SV93,1501 WILCOX AVE,34.09957,-118.331114,POINT(-118.331114 34.09957)
SV94,1501 WILCOX AVE,34.09945,-118.331114,POINT(-118.331114 34.09945)
SV102,1501 WILCOX AVE,34.098679,-118.331107,POINT(-118.331107 34.098679)
CB1111,151 PICO BLVD,34.037355,-118.261398,POINT(-118.261398 34.037355)
66596,1540 VINE ST,34.099252,-118.32656,POINT(-118.32656 34.099252)
66599,1540 VINE ST,34.099504,-118.32656,POINT(-118.32656 34.099504)
66598,1540 VINE ST,34.09942,-118.32656,POINT(-118.32656 34.09942)
66597,1540 VINE ST,34.099336,-118.32656,POINT(-118.32656 34.099336)
HO358,1600 ARGYLE AVE,34.100594,-118.325122,POINT(-118.325122 34.100594)
HO360,1600 ARGYLE AVE,34.100757,-118.325122,POINT(-118.325122 34.100757)
HO356,1600 ARGYLE AVE,34.100266,-118.325103,POINT(-118.325103 34.100266)
HO353,1600 ARGYLE AVE,34.10009,-118.325103,POINT(-118.325103 34.10009)
HO361,1600 ARGYLE AVE,34.100883,-118.325122,POINT(-118.325122 34.100883)
HO363,1600 ARGYLE AVE,34.100983,-118.325122,POINT(-118.325122 34.100983)
HO78A,1600 CHEROKEE AVE,34.100851,-118.334969,POINT(-118.334969 34.100851)
HO78,1600 CHEROKEE AVE,34.100795,-118.33497,POINT(-118.33497 34.100795)
HO80,1600 CHEROKEE AVE,34.101184,-118.334972,POINT(-118.334972 34.101184)
HO80A,1600 CHEROKEE AVE,34.101244,-118.334973,POINT(-118.334973 34.101244)
HO76A,1600 CHEROKEE AVE,34.100496,-118.334967,POINT(-118.334967 34.100496)
HO75A,1600 CHEROKEE AVE,34.10037,-118.334966,POINT(-118.334966 34.10037)
HO74A,1600 CHEROKEE AVE,34.100086,-118.334962,POINT(-118.334962 34.100086)
HO73,1600 CHEROKEE AVE,34.099913,-118.334961,POINT(-118.334961 34.099913)
HO81,1600 CHEROKEE AVE,34.10132,-118.334973,POINT(-118.334973 34.10132)
HO906,1600 GOWER ST,34.101216,-118.32225,POINT(-118.32225 34.101216)
HO901,1600 GOWER ST,34.100754,-118.322249,POINT(-118.322249 34.100754)
HO904,1600 GOWER ST,34.101083,-118.322252,POINT(-118.322252 34.101083)
HO905,1600 GOWER ST,34.101164,-118.322251,POINT(-118.322251 34.101164)
HO799,1600 HIGHLAND AVE,34.100087,-118.338584,POINT(-118.338584 34.100087)
HO800,1600 HIGHLAND AVE,34.100165,-118.338584,POINT(-118.338584 34.100165)
CB250C,1600 HILL ST,34.034463,-118.264626,POINT(-118.264626 34.034463)
CB250B,1600 HILL ST,34.034248,-118.264801,POINT(-118.264801 34.034248)
HO47,1600 LAS PALMAS AVE,34.100953,-118.336071,POINT(-118.336071 34.100953)
HO44,1600 LAS PALMAS AVE,34.100603,-118.336069,POINT(-118.336069 34.100603)
HO45,1600 LAS PALMAS AVE,34.100833,-118.33607,POINT(-118.33607 34.100833)
HO46,1600 LAS PALMAS AVE,34.100882,-118.336071,POINT(-118.336071 34.100882)
HO41,1600 LAS PALMAS AVE,34.100349,-118.336065,POINT(-118.336065 34.100349)
CB3774,1600 LOS ANGELES ST,34.032726,-118.261657,POINT(-118.261657 34.032726)
CB3773,1600 LOS ANGELES ST,34.03268,-118.261694,POINT(-118.261694 34.03268)
CB3772,1600 LOS ANGELES ST,34.032621,-118.261742,POINT(-118.261742 34.032621)
CB3771,1600 LOS ANGELES ST,34.032576,-118.261778,POINT(-118.261778 34.032576)
CB360C,1600 MAIN ST,34.033358,-118.262662,POINT(-118.262662 34.033358)
CB358,1600 MAIN ST,34.032983,-118.262943,POINT(-118.262943 34.032983)
CB360B,1600 MAIN ST,34.033293,-118.262714,POINT(-118.262714 34.033293)
HO14,1600 MCCADDEN PL,34.100876,-118.336927,POINT(-118.336927 34.100876)
HO17,1600 MCCADDEN PL,34.101136,-118.33693,POINT(-118.33693 34.101136)
HO15,1600 MCCADDEN PL,34.100927,-118.336927,POINT(-118.336927 34.100927)
HO11,1600 MCCADDEN PL,34.100671,-118.336923,POINT(-118.336923 34.100671)
HO19,1600 MCCADDEN PL,34.10126,-118.336931,POINT(-118.336931 34.10126)
HO13,1600 MCCADDEN PL,34.100798,-118.336926,POINT(-118.336926 34.100798)
CB1939,1600 SANTEE ST,34.03214,-118.260609,POINT(-118.260609 34.03214)
HO118A,1600 SCHRADER BLVD,34.101015,-118.332411,POINT(-118.332411 34.101015)
HO112,1600 SCHRADER BLVD,34.100078,-118.332405,POINT(-118.332405 34.100078)
HO119,1600 SCHRADER BLVD,34.101145,-118.332413,POINT(-118.332413 34.101145)
HO112A,1600 SCHRADER BLVD,34.100262,-118.332406,POINT(-118.332406 34.100262)
HO122,1600 SCHRADER BLVD,34.101336,-118.332413,POINT(-118.332413 34.101336)
HO111A,1600 SCHRADER BLVD,34.100027,-118.332404,POINT(-118.332404 34.100027)
HO120,1600 SCHRADER BLVD,34.101207,-118.332413,POINT(-118.332413 34.101207)
HO121,1600 SCHRADER BLVD,34.101282,-118.332413,POINT(-118.332413 34.101282)
HO732,1600 SYCAMORE AVE,34.101126,-118.343255,POINT(-118.343255 34.101126)
HO733,1600 SYCAMORE AVE,34.101178,-118.343255,POINT(-118.343255 34.101178)
HO734,1600 SYCAMORE AVE,34.101181,-118.343256,POINT(-118.343256 34.101181)
HO144,1600 WILCOX AVE,34.10088,-118.33095,POINT(-118.33095 34.10088)
HO143,1600 WILCOX AVE,34.100827,-118.33095,POINT(-118.33095 34.100827)
HO142,1600 WILCOX AVE,34.100402,-118.330945,POINT(-118.330945 34.100402)
HO141,1600 WILCOX AVE,34.10023,-118.330945,POINT(-118.330945 34.10023)
HO148A,1600 WILCOX AVE,34.101215,-118.33095,POINT(-118.33095 34.101215)
HO61,1601 CHEROKEE AVE,34.101258,-118.335102,POINT(-118.335102 34.101258)
HO63,1601 CHEROKEE AVE,34.101136,-118.3351,POINT(-118.3351 34.101136)
HO72,1601 CHEROKEE AVE,34.099856,-118.335086,POINT(-118.335086 34.099856)
HO72A,1601 CHEROKEE AVE,34.099936,-118.335124,POINT(-118.335124 34.099936)
HO71,1601 CHEROKEE AVE,34.099909,-118.335088,POINT(-118.335088 34.099909)
HO62,1601 CHEROKEE AVE,34.101184,-118.3351,POINT(-118.3351 34.101184)
HO60,1601 CHEROKEE AVE,34.10131,-118.335103,POINT(-118.335103 34.10131)
HO70,1601 CHEROKEE AVE,34.099979,-118.335089,POINT(-118.335089 34.099979)
HO67,1601 CHEROKEE AVE,34.100247,-118.335093,POINT(-118.335093 34.100247)
CB249A,1601 HILL ST,34.034232,-118.265052,POINT(-118.265052 34.034232)
CB249,1601 HILL ST,34.034278,-118.265013,POINT(-118.265013 34.034278)
CB247B,1601 HILL ST,34.034497,-118.264839,POINT(-118.264839 34.034497)
CB248A,1601 HILL ST,34.034387,-118.264926,POINT(-118.264926 34.034387)
CB247,1601 HILL ST,34.034604,-118.26475,POINT(-118.26475 34.034604)
CB248,1601 HILL ST,34.03445,-118.264875,POINT(-118.264875 34.03445)
CB248B,1601 HILL ST,34.03434,-118.264963,POINT(-118.264963 34.03434)
HO217,1601 IVAR AVE,34.100937,-118.328242,POINT(-118.328242 34.100937)
HO23,1601 LAS PALMAS AVE,34.101312,-118.336199,POINT(-118.336199 34.101312)
HO31,1601 LAS PALMAS AVE,34.100655,-118.336191,POINT(-118.336191 34.100655)
HO29,1601 LAS PALMAS AVE,34.100784,-118.336192,POINT(-118.336192 34.100784)
HO25,1601 LAS PALMAS AVE,34.101182,-118.336198,POINT(-118.336198 34.101182)
CB3769,1601 LOS ANGELES ST,34.032647,-118.261957,POINT(-118.261957 34.032647)
CB3767,1601 LOS ANGELES ST,34.032746,-118.261879,POINT(-118.261879 34.032746)
CB3768,1601 LOS ANGELES ST,34.032703,-118.261912,POINT(-118.261912 34.032703)
CB3765,1601 LOS ANGELES ST,34.032852,-118.261791,POINT(-118.261791 34.032852)
CB3770,1601 LOS ANGELES ST,34.032603,-118.261994,POINT(-118.261994 34.032603)
CB356,1601 MAIN ST,34.033192,-118.263054,POINT(-118.263054 34.033192)
CB357,1601 MAIN ST,34.033084,-118.263141,POINT(-118.263141 34.033084)
CB352,1601 MAIN ST,34.033472,-118.262828,POINT(-118.262828 34.033472)
HO9,1601 MCCADDEN PL,34.100017,-118.337024,POINT(-118.337024 34.100017)
HO7,1601 MCCADDEN PL,34.100143,-118.337028,POINT(-118.337028 34.100143)
HO6,1601 MCCADDEN PL,34.100219,-118.337029,POINT(-118.337029 34.100219)
HO5,1601 MCCADDEN PL,34.100274,-118.337031,POINT(-118.337031 34.100274)
CB2825,1601 OLIVE ST,34.034698,-118.265917,POINT(-118.265917 34.034698)
CB2827,1601 OLIVE ST,34.034805,-118.265827,POINT(-118.265827 34.034805)
CB1936,1601 SANTEE ST,34.032226,-118.260712,POINT(-118.260712 34.032226)
HO96,1601 SCHRADER BLVD,34.101339,-118.332549,POINT(-118.332549 34.101339)
HO105,1601 SCHRADER BLVD,34.100375,-118.332544,POINT(-118.332544 34.100375)
HO104,1601 SCHRADER BLVD,34.100429,-118.332545,POINT(-118.332545 34.100429)
HO107,1601 SCHRADER BLVD,34.100132,-118.332544,POINT(-118.332544 34.100132)
HO97,1601 SCHRADER BLVD,34.101293,-118.332549,POINT(-118.332549 34.101293)
HO108,1601 SCHRADER BLVD,34.100056,-118.332543,POINT(-118.332543 34.100056)
HO109,1601 SCHRADER BLVD,34.099998,-118.332542,POINT(-118.332542 34.099998)
HO235F,1601 VINE ST,34.100375,-118.326798,POINT(-118.326798 34.100375)
HO235G,1601 VINE ST,34.100319,-118.326797,POINT(-118.326797 34.100319)
HO138,1601 WILCOX AVE,34.100095,-118.331117,POINT(-118.331117 34.100095)
HO137,1601 WILCOX AVE,34.100169,-118.331119,POINT(-118.331119 34.100169)
HO132,1601 WILCOX AVE,34.101193,-118.331125,POINT(-118.331125 34.101193)
HO133,1601 WILCOX AVE,34.101072,-118.331123,POINT(-118.331123 34.101072)
HO130,1601 WILCOX AVE,34.101327,-118.331125,POINT(-118.331125 34.101327)
HO136,1601 WILCOX AVE,34.100226,-118.331118,POINT(-118.331118 34.100226)
HO132A,1601 WILCOX AVE,34.101119,-118.331124,POINT(-118.331124 34.101119)
HO139,1601 WILCOX AVE,34.100042,-118.331117,POINT(-118.331117 34.100042)
HO135,1601 WILCOX AVE,34.100302,-118.331119,POINT(-118.331119 34.100302)
66607,1610 VINE ST,34.100316,-118.326571,POINT(-118.326571 34.100316)
66609,1610 VINE ST,34.100446,-118.326572,POINT(-118.326572 34.100446)
66610,1610 VINE ST,34.100495,-118.326572,POINT(-118.326572 34.100495)
66613,1610 VINE ST,34.100794,-118.326576,POINT(-118.326576 34.100794)
66608,1610 VINE ST,34.10037,-118.326572,POINT(-118.326572 34.10037)
66604,1618 VINE ST,34.100125,-118.326568,POINT(-118.326568 34.100125)
66606,1618 VINE ST,34.100243,-118.32657,POINT(-118.32657 34.100243)
66601,1618 VINE ST,34.099955,-118.326567,POINT(-118.326567 34.099955)
66605,1618 VINE ST,34.100188,-118.326569,POINT(-118.326569 34.100188)
66602,1618 VINE ST,34.100004,-118.326567,POINT(-118.326567 34.100004)
HO430,1700 ARGYLE AVE,34.103029,-118.325109,POINT(-118.325109 34.103029)
HO431,1700 ARGYLE AVE,34.103084,-118.325109,POINT(-118.325109 34.103084)
HO565,1700 CAHUENGA BLVD,34.101869,-118.329451,POINT(-118.329451 34.101869)
HO570,1700 CAHUENGA BLVD,34.102522,-118.329456,POINT(-118.329456 34.102522)
HO569,1700 CAHUENGA BLVD,34.102219,-118.329453,POINT(-118.329453 34.102219)
HO568,1700 CAHUENGA BLVD,34.102162,-118.329453,POINT(-118.329453 34.102162)
HO567,1700 CAHUENGA BLVD,34.102006,-118.329452,POINT(-118.329452 34.102006)
HO566,1700 CAHUENGA BLVD,34.101949,-118.329451,POINT(-118.329451 34.101949)
HO664,1700 CHEROKEE AVE,34.102771,-118.334685,POINT(-118.334685 34.102771)
HO663A,1700 CHEROKEE AVE,34.102203,-118.334685,POINT(-118.334685 34.102203)
HO663C,1700 CHEROKEE AVE,34.10246,-118.334686,POINT(-118.334686 34.10246)
HO663E,1700 CHEROKEE AVE,34.102571,-118.33471,POINT(-118.33471 34.102571)
HO663D,1700 CHEROKEE AVE,34.102515,-118.334707,POINT(-118.334707 34.102515)
HO1019,1700 EL CERRITO PL,34.102164,-118.344656,POINT(-118.344656 34.102164)
HO1021A,1700 EL CERRITO PL,34.102349,-118.344672,POINT(-118.344672 34.102349)
HO538,1700 IVAR AVE,34.102274,-118.328086,POINT(-118.328086 34.102274)
HO538A,1700 IVAR AVE,34.102326,-118.328087,POINT(-118.328087 34.102326)
HO538B,1700 IVAR AVE,34.102574,-118.32809,POINT(-118.32809 34.102574)
HO542A,1700 IVAR AVE,34.103604,-118.328098,POINT(-118.328098 34.103604)
HO542,1700 IVAR AVE,34.103552,-118.328097,POINT(-118.328097 34.103552)
HO541,1700 IVAR AVE,34.103473,-118.328096,POINT(-118.328096 34.103473)
HO539,1700 IVAR AVE,34.102818,-118.328091,POINT(-118.328091 34.102818)
HO537,1700 IVAR AVE,34.102088,-118.328086,POINT(-118.328086 34.102088)
HO536,1700 IVAR AVE,34.102017,-118.328104,POINT(-118.328104 34.102017)
HO539A,1700 IVAR AVE,34.10291,-118.328092,POINT(-118.328092 34.10291)
HO675,1700 LAS PALMAS AVE,34.101959,-118.33607,POINT(-118.33607 34.101959)
HO674,1700 LAS PALMAS AVE,34.101905,-118.336069,POINT(-118.336069 34.101905)
HO981,1700 LAS PALMAS AVE,34.102894,-118.336074,POINT(-118.336074 34.102894)
HO676,1700 LAS PALMAS AVE,34.102115,-118.33607,POINT(-118.33607 34.102115)
HO980,1700 LAS PALMAS AVE,34.102848,-118.336074,POINT(-118.336074 34.102848)
HO978,1700 LAS PALMAS AVE,34.102641,-118.336074,POINT(-118.336074 34.102641)
HO677A,1700 LAS PALMAS AVE,34.102319,-118.336069,POINT(-118.336069 34.102319)
HO976,1700 LAS PALMAS AVE,34.102506,-118.336073,POINT(-118.336073 34.102506)
HO676A,1700 LAS PALMAS AVE,34.102112,-118.336071,POINT(-118.336071 34.102112)
HO678,1700 LAS PALMAS AVE,34.102381,-118.336072,POINT(-118.336072 34.102381)
HO677,1700 LAS PALMAS AVE,34.102173,-118.336071,POINT(-118.336071 34.102173)
V101,1700 MAIN ST,33.987495,-118.470594,POINT(-118.470594 33.987495)
V103,1700 MAIN ST,33.987584,-118.470646,POINT(-118.470646 33.987584)
V102,1700 MAIN ST,33.987539,-118.470619,POINT(-118.470619 33.987539)
HO723A,1700 SYCAMORE AVE,34.102084,-118.343259,POINT(-118.343259 34.102084)
HO723,1700 SYCAMORE AVE,34.102026,-118.34326,POINT(-118.34326 34.102026)
HO723B,1700 SYCAMORE AVE,34.102158,-118.343258,POINT(-118.343258 34.102158)
HO603,1700 WILCOX AVE,34.103207,-118.330987,POINT(-118.330987 34.103207)
HO602,1700 WILCOX AVE,34.103154,-118.330985,POINT(-118.330985 34.103154)
HO600,1700 WILCOX AVE,34.10288,-118.330984,POINT(-118.330984 34.10288)
HO599,1700 WILCOX AVE,34.102801,-118.330984,POINT(-118.330984 34.102801)
HO597,1700 WILCOX AVE,34.102632,-118.330982,POINT(-118.330982 34.102632)
HO595,1700 WILCOX AVE,34.102352,-118.33098,POINT(-118.33098 34.102352)
HO592,1700 WILCOX AVE,34.102137,-118.330979,POINT(-118.330979 34.102137)
HO591,1700 WILCOX AVE,34.101983,-118.330978,POINT(-118.330978 34.101983)
HO590,1700 WILCOX AVE,34.101927,-118.330977,POINT(-118.330977 34.101927)
HO591A,1700 WILCOX AVE,34.102064,-118.330979,POINT(-118.330979 34.102064)
HO438,1701 ARGYLE AVE,34.103325,-118.325308,POINT(-118.325308 34.103325)
HO439,1701 ARGYLE AVE,34.103269,-118.325307,POINT(-118.325307 34.103269)
HO441,1701 ARGYLE AVE,34.103269,-118.325306,POINT(-118.325306 34.103269)
HO440,1701 ARGYLE AVE,34.103325,-118.325307,POINT(-118.325307 34.103325)
HO578C,1701 CAHUENGA BLVD,34.102897,-118.329652,POINT(-118.329652 34.102897)
HO580,1701 CAHUENGA BLVD,34.102317,-118.329648,POINT(-118.329648 34.102317)
HO579A,1701 CAHUENGA BLVD,34.102393,-118.329649,POINT(-118.329649 34.102393)
HO579,1701 CAHUENGA BLVD,34.102444,-118.32965,POINT(-118.32965 34.102444)
HO578B,1701 CAHUENGA BLVD,34.103122,-118.329653,POINT(-118.329653 34.103122)
HO578A,1701 CAHUENGA BLVD,34.10318,-118.329654,POINT(-118.329654 34.10318)
HO577A,1701 CAHUENGA BLVD,34.103306,-118.329654,POINT(-118.329654 34.103306)
HO575A,1701 CAHUENGA BLVD,34.10366,-118.329698,POINT(-118.329698 34.10366)
HO666,1701 CHEROKEE AVE,34.101871,-118.334825,POINT(-118.334825 34.101871)
HO1023,1701 EL CERRITO PL,34.101923,-118.344766,POINT(-118.344766 34.101923)
HO559,1701 IVAR AVE,34.101888,-118.328248,POINT(-118.328248 34.101888)
HO558,1701 IVAR AVE,34.101967,-118.328249,POINT(-118.328249 34.101967)
HO557,1701 IVAR AVE,34.10202,-118.32825,POINT(-118.32825 34.10202)
HO556,1701 IVAR AVE,34.102181,-118.32825,POINT(-118.32825 34.102181)
HO554,1701 IVAR AVE,34.102478,-118.328252,POINT(-118.328252 34.102478)
HO552,1701 IVAR AVE,34.102611,-118.328252,POINT(-118.328252 34.102611)
HO550,1701 IVAR AVE,34.102899,-118.328257,POINT(-118.328257 34.102899)
HO549,1701 IVAR AVE,34.102955,-118.328257,POINT(-118.328257 34.102955)
HO548,1701 IVAR AVE,34.103128,-118.328256,POINT(-118.328256 34.103128)
HO547,1701 IVAR AVE,34.103184,-118.328258,POINT(-118.328258 34.103184)
HO684,1701 LAS PALMAS AVE,34.101861,-118.336212,POINT(-118.336212 34.101861)
HO683,1701 LAS PALMAS AVE,34.10194,-118.336212,POINT(-118.336212 34.10194)
HO680,1701 LAS PALMAS AVE,34.102258,-118.336234,POINT(-118.336234 34.102258)
HO684A,1701 LAS PALMAS AVE,34.101809,-118.336212,POINT(-118.336212 34.101809)
HO681,1701 LAS PALMAS AVE,34.102143,-118.336239,POINT(-118.336239 34.102143)
HO682,1701 LAS PALMAS AVE,34.102075,-118.336235,POINT(-118.336235 34.102075)
HO727,1701 SYCAMORE AVE,34.10176,-118.343401,POINT(-118.343401 34.10176)
HO725,1701 SYCAMORE AVE,34.102065,-118.343402,POINT(-118.343402 34.102065)
HO725A,1701 SYCAMORE AVE,34.102009,-118.343402,POINT(-118.343402 34.102009)
HO968,1701 WHITLEY AVE,34.102776,-118.333408,POINT(-118.333408 34.102776)
HO627,1701 WILCOX AVE,34.10245,-118.331114,POINT(-118.331114 34.10245)
HO632,1701 WILCOX AVE,34.101948,-118.331111,POINT(-118.331111 34.101948)
HO628,1701 WILCOX AVE,34.1024,-118.331113,POINT(-118.331113 34.1024)
HO621,1701 WILCOX AVE,34.102996,-118.331119,POINT(-118.331119 34.102996)
HO625,1701 WILCOX AVE,34.102744,-118.331116,POINT(-118.331116 34.102744)
HO622,1701 WILCOX AVE,34.102919,-118.331118,POINT(-118.331118 34.102919)
HO626,1701 WILCOX AVE,34.102532,-118.331114,POINT(-118.331114 34.102532)
HO619,1701 WILCOX AVE,34.103116,-118.331119,POINT(-118.331119 34.103116)
HO618,1701 WILCOX AVE,34.103167,-118.331119,POINT(-118.331119 34.103167)
HO931A,1800 CAHUENGA BLVD,34.104369,-118.32977,POINT(-118.32977 34.104369)
HO934A,1800 CAHUENGA BLVD,34.10484,-118.330016,POINT(-118.330016 34.10484)
HO934,1800 CAHUENGA BLVD,34.104761,-118.329973,POINT(-118.329973 34.104761)
HO933A,1800 CAHUENGA BLVD,34.104718,-118.329948,POINT(-118.329948 34.104718)
HO933,1800 CAHUENGA BLVD,34.104652,-118.329913,POINT(-118.329913 34.104652)
HO932A,1800 CAHUENGA BLVD,34.104483,-118.329828,POINT(-118.329828 34.104483)
HO932,1800 CAHUENGA BLVD,34.104438,-118.329806,POINT(-118.329806 34.104438)
HO931,1800 CAHUENGA BLVD,34.104326,-118.329749,POINT(-118.329749 34.104326)
HO950,1800 WILCOX AVE,34.105034,-118.330999,POINT(-118.330999 34.105034)
HO948,1800 WILCOX AVE,34.10415,-118.330993,POINT(-118.330993 34.10415)
HO936,1801 CAHUENGA BLVD,34.104998,-118.330395,POINT(-118.330395 34.104998)
V252,2 E ROSE AVE,33.994672,-118.480323,POINT(-118.480323 33.994672)
V254,2 E ROSE AVE,33.994742,-118.480217,POINT(-118.480217 33.994742)
82808,2 WASHINGTON BLVD,33.979098,-118.466608,POINT(-118.466608 33.979098)
82807,2 WASHINGTON BLVD,33.979084,-118.466631,POINT(-118.466631 33.979084)
82803,2 WASHINGTON BLVD,33.979034,-118.466718,POINT(-118.466718 33.979034)
82806,2 WASHINGTON BLVD,33.979071,-118.466653,POINT(-118.466653 33.979071)
82805,2 WASHINGTON BLVD,33.979059,-118.466674,POINT(-118.466674 33.979059)
82804,2 WASHINGTON BLVD,33.979047,-118.466696,POINT(-118.466696 33.979047)
82801,2 WASHINGTON BLVD,33.979008,-118.466762,POINT(-118.466762 33.979008)
82811,20 WASHINGTON BLVD,33.979283,-118.466286,POINT(-118.466286 33.979283)
82810,20 WASHINGTON BLVD,33.979265,-118.466321,POINT(-118.466321 33.979265)
CB3425A,200 11TH ST,34.040639,-118.260649,POINT(-118.260649 34.040639)
CB590,200 11TH ST,34.037964,-118.256493,POINT(-118.256493 34.037964)
CB595,200 11TH ST,34.038238,-118.256917,POINT(-118.256917 34.038238)
CB3420,200 11TH ST,34.040277,-118.260102,POINT(-118.260102 34.040277)
CB589,200 11TH ST,34.037929,-118.256439,POINT(-118.256439 34.037929)
CB592,200 11TH ST,34.038134,-118.256757,POINT(-118.256757 34.038134)
CB588,200 11TH ST,34.037881,-118.256365,POINT(-118.256365 34.037881)
CB594,200 11TH ST,34.038207,-118.25687,POINT(-118.25687 34.038207)
CB593,200 11TH ST,34.038168,-118.25681,POINT(-118.25681 34.038168)
CB3423,200 11TH ST,34.040398,-118.260292,POINT(-118.260292 34.040398)
CB3425,200 11TH ST,34.040575,-118.260565,POINT(-118.260565 34.040575)
CB3424,200 11TH ST,34.040539,-118.260508,POINT(-118.260508 34.040539)
CB1770,200 12TH ST,34.036735,-118.258116,POINT(-118.258116 34.036735)
CB1777,200 12TH ST,34.036445,-118.257667,POINT(-118.257667 34.036445)
CB1773,200 12TH ST,34.03661,-118.257922,POINT(-118.257922 34.03661)
CB1774,200 12TH ST,34.036573,-118.257866,POINT(-118.257866 34.036573)
CB4504,200 12TH ST,34.039129,-118.26186,POINT(-118.26186 34.039129)
CB4503,200 12TH ST,34.039167,-118.261922,POINT(-118.261922 34.039167)
CB4500,200 12TH ST,34.039265,-118.262075,POINT(-118.262075 34.039265)
CB1775,200 12TH ST,34.036486,-118.25779,POINT(-118.25779 34.036486)
CB1771,200 12TH ST,34.036692,-118.258048,POINT(-118.258048 34.036692)
CB4506,200 12TH ST,34.038847,-118.261422,POINT(-118.261422 34.038847)
CB1952B,200 14TH ST,34.03426,-118.259434,POINT(-118.259434 34.03426)
CB1952,200 14TH ST,34.034332,-118.259564,POINT(-118.259564 34.034332)
CB1952A,200 14TH ST,34.034289,-118.259488,POINT(-118.259488 34.034289)
CB1950D,200 14TH ST,34.034573,-118.259998,POINT(-118.259998 34.034573)
CB1951A,200 14TH ST,34.034505,-118.259877,POINT(-118.259877 34.034505)
CB1986,200 15TH ST,34.0333,-118.260379,POINT(-118.260379 34.0333)
CB1987,200 15TH ST,34.033269,-118.260324,POINT(-118.260324 34.033269)
CB3546,200 15TH ST,34.035554,-118.264379,POINT(-118.264379 34.035554)
CB1989,200 15TH ST,34.033196,-118.260195,POINT(-118.260195 34.033196)
CB1990,200 15TH ST,34.033153,-118.260121,POINT(-118.260121 34.033153)
CB1985,200 15TH ST,34.033403,-118.260562,POINT(-118.260562 34.033403)
CB1982,200 15TH ST,34.033504,-118.260745,POINT(-118.260745 34.033504)
CB1988,200 15TH ST,34.033226,-118.260248,POINT(-118.260248 34.033226)
CB1983,200 15TH ST,34.033474,-118.260689,POINT(-118.260689 34.033474)
CB4002,200 16TH ST,34.032558,-118.260843,POINT(-118.260843 34.032558)
CB3999,200 16TH ST,34.032659,-118.261019,POINT(-118.261019 34.032659)
CB4000,200 16TH ST,34.032629,-118.260967,POINT(-118.260967 34.032629)
LT164,200 1ST ST,34.050724,-118.241507,POINT(-118.241507 34.050724)
LT161,200 1ST ST,34.050862,-118.241695,POINT(-118.241695 34.050862)
LT162,200 1ST ST,34.050811,-118.241628,POINT(-118.241628 34.050811)
CB3052,200 4TH ST,34.046767,-118.24545,POINT(-118.24545 34.046767)
CB3048,200 4TH ST,34.047003,-118.245906,POINT(-118.245906 34.047003)
CB3053,200 4TH ST,34.046738,-118.245396,POINT(-118.245396 34.046738)
CB4018,200 6TH ST,34.044221,-118.248556,POINT(-118.248556 34.044221)
SP867,200 6TH ST,33.738788,-118.282604,POINT(-118.282604 33.738788)
CB4019,200 6TH ST,34.044175,-118.248481,POINT(-118.248481 34.044175)
CB4020,200 6TH ST,34.044144,-118.24843,POINT(-118.24843 34.044144)
SP870,200 6TH ST,33.738788,-118.282818,POINT(-118.282818 33.738788)
SP869,200 6TH ST,33.738788,-118.282755,POINT(-118.282755 33.738788)
SP496,200 7TH ST,33.737937,-118.283051,POINT(-118.283051 33.737937)
SP485A,200 7TH ST,33.737927,-118.281833,POINT(-118.281833 33.737927)
SP488,200 7TH ST,33.737933,-118.281984,POINT(-118.281984 33.737933)
SP486,200 7TH ST,33.737926,-118.281863,POINT(-118.281863 33.737926)
SP494,200 7TH ST,33.737937,-118.282929,POINT(-118.282929 33.737937)
SP496A,200 7TH ST,33.737936,-118.283251,POINT(-118.283251 33.737936)
SP491,200 7TH ST,33.737936,-118.282544,POINT(-118.282544 33.737936)
SP493,200 7TH ST,33.737937,-118.282866,POINT(-118.282866 33.737937)
SP493A,200 7TH ST,33.737936,-118.282896,POINT(-118.282896 33.737936)
SP490,200 7TH ST,33.737934,-118.282108,POINT(-118.282108 33.737934)
SP486A,200 7TH ST,33.737928,-118.281892,POINT(-118.281892 33.737928)
SP485,200 7TH ST,33.737927,-118.281801,POINT(-118.281801 33.737927)
SP487A,200 7TH ST,33.737933,-118.281955,POINT(-118.281955 33.737933)
SP490A,200 7TH ST,33.73793,-118.28252,POINT(-118.28252 33.73793)
SP487,200 7TH ST,33.737932,-118.281925,POINT(-118.281925 33.737932)
SP492A,200 7TH ST,33.737927,-118.282639,POINT(-118.282639 33.737927)
SP489A,200 7TH ST,33.737932,-118.282014,POINT(-118.282014 33.737932)
SP492,200 7TH ST,33.737927,-118.28261,POINT(-118.28261 33.737927)
SP488A,200 7TH ST,33.73793,-118.28252,POINT(-118.28252 33.73793)
SP494A,200 7TH ST,33.737937,-118.282958,POINT(-118.282958 33.737937)
SP489,200 7TH ST,33.737933,-118.282043,POINT(-118.282043 33.737933)
CB3211,200 8TH ST,34.043336,-118.254148,POINT(-118.254148 34.043336)
CB3204,200 8TH ST,34.041414,-118.251904,POINT(-118.251904 34.041414)
CB3203,200 8TH ST,34.041452,-118.251946,POINT(-118.251946 34.041452)
CB3212,200 8TH ST,34.04329,-118.254076,POINT(-118.254076 34.04329)
CB821,200 9TH ST,34.040454,-118.253885,POINT(-118.253885 34.040454)
CT414,200 ALPINE ST,34.061903,-118.237235,POINT(-118.237235 34.061903)
CT413,200 ALPINE ST,34.061923,-118.237294,POINT(-118.237294 34.061923)
CT411,200 ALPINE ST,34.061973,-118.237441,POINT(-118.237441 34.061973)
LT1,200 BOYD ST,34.0477,-118.245193,POINT(-118.245193 34.0477)
LT1A,200 BOYD ST,34.047665,-118.245136,POINT(-118.245136 34.047665)
LT3A,200 BOYD ST,34.047453,-118.244797,POINT(-118.244797 34.047453)
LT4,200 BOYD ST,34.047409,-118.244725,POINT(-118.244725 34.047409)
LT249,200 CENTRAL AVE,34.046911,-118.239336,POINT(-118.239336 34.046911)
LT254,200 CENTRAL AVE,34.047218,-118.239299,POINT(-118.239299 34.047218)
LT250,200 CENTRAL AVE,34.046965,-118.23933,POINT(-118.23933 34.046965)
LT247,200 CENTRAL AVE,34.046475,-118.239385,POINT(-118.239385 34.046475)
LT246,200 CENTRAL AVE,34.046419,-118.239393,POINT(-118.239393 34.046419)
AE146A,200 HEWITT ST,34.046963,-118.23605,POINT(-118.23605 34.046963)
CC1230,200 LOS ANGELES ST,34.048773,-118.244359,POINT(-118.244359 34.048773)
V224,200 MARKET ST,33.988901,-118.471138,POINT(-118.471138 33.988901)
CB62,200 OLYMPIC BLVD,34.039266,-118.255681,POINT(-118.255681 34.039266)
CB68,200 OLYMPIC BLVD,34.03901,-118.255351,POINT(-118.255351 34.03901)
CB2755,200 OLYMPIC BLVD,34.041068,-118.257776,POINT(-118.257776 34.041068)
CB2753B,200 OLYMPIC BLVD,34.041364,-118.258206,POINT(-118.258206 34.041364)
CB64,200 OLYMPIC BLVD,34.039181,-118.255581,POINT(-118.255581 34.039181)
CB63,200 OLYMPIC BLVD,34.039231,-118.255643,POINT(-118.255643 34.039231)
CB2756,200 OLYMPIC BLVD,34.041037,-118.257729,POINT(-118.257729 34.041037)
CB2753A,200 OLYMPIC BLVD,34.041398,-118.258252,POINT(-118.258252 34.041398)
CB446,200 PICO BLVD,34.035333,-118.258748,POINT(-118.258748 34.035333)
CB445A,200 PICO BLVD,34.035428,-118.258922,POINT(-118.258922 34.035428)
CB445,200 PICO BLVD,34.035458,-118.258975,POINT(-118.258975 34.035458)
CB444,200 PICO BLVD,34.0355,-118.25905,POINT(-118.25905 34.0355)
CB228,200 PICO BLVD,34.037863,-118.262657,POINT(-118.262657 34.037863)
CB226,200 PICO BLVD,34.037936,-118.26279,POINT(-118.26279 34.037936)
CB225,200 PICO BLVD,34.037966,-118.262839,POINT(-118.262839 34.037966)
LT36,200 SAN PEDRO ST,34.048121,-118.242074,POINT(-118.242074 34.048121)
LT36A,200 SAN PEDRO ST,34.048178,-118.242051,POINT(-118.242051 34.048178)
CC1555,200 SPRING ST,34.05123,-118.245937,POINT(-118.245937 34.05123)
AE373,200 VIGNES ST,34.049905,-118.233547,POINT(-118.233547 34.049905)
AE372,200 VIGNES ST,34.049845,-118.233559,POINT(-118.233559 34.049845)
CB1847,200 WINSTON ST,34.045699,-118.245869,POINT(-118.245869 34.045699)
CB1848,200 WINSTON ST,34.045646,-118.245736,POINT(-118.245736 34.045646)
CB1845A,200 WINSTON ST,34.045837,-118.246136,POINT(-118.246136 34.045837)
CB1846B,200 WINSTON ST,34.045722,-118.24592,POINT(-118.24592 34.045722)
CB1846A,200 WINSTON ST,34.045765,-118.246005,POINT(-118.246005 34.045765)
CB1849,200 WINSTON ST,34.045596,-118.245594,POINT(-118.245594 34.045596)
CB4321,201 12TH ST,34.038913,-118.261286,POINT(-118.261286 34.038913)
CB4316,201 12TH ST,34.039095,-118.261567,POINT(-118.261567 34.039095)
CB4313,201 12TH ST,34.039221,-118.261765,POINT(-118.261765 34.039221)
CB4312,201 12TH ST,34.039253,-118.261812,POINT(-118.261812 34.039253)
CB1754,201 12TH ST,34.036697,-118.257883,POINT(-118.257883 34.036697)
CB1755,201 12TH ST,34.036598,-118.257725,POINT(-118.257725 34.036598)
CB1758,201 12TH ST,34.036482,-118.257547,POINT(-118.257547 34.036482)
CB4311,201 12TH ST,34.039298,-118.261883,POINT(-118.261883 34.039298)
CB1757,201 12TH ST,34.036519,-118.257601,POINT(-118.257601 34.036519)
CB1756,201 12TH ST,34.036566,-118.257673,POINT(-118.257673 34.036566)
CB1751,201 12TH ST,34.036812,-118.258055,POINT(-118.258055 34.036812)
CB4318,201 12TH ST,34.039021,-118.261452,POINT(-118.261452 34.039021)
CB4317,201 12TH ST,34.039067,-118.261525,POINT(-118.261525 34.039067)
CB1753,201 12TH ST,34.036729,-118.257931,POINT(-118.257931 34.036729)
CB4310,201 12TH ST,34.03933,-118.261934,POINT(-118.261934 34.03933)
CB4314,201 12TH ST,34.039176,-118.261694,POINT(-118.261694 34.039176)
CB4315,201 12TH ST,34.039144,-118.261644,POINT(-118.261644 34.039144)
CB1950B,201 14TH ST,34.034637,-118.259856,POINT(-118.259856 34.034637)
CB1950C,201 14TH ST,34.03467,-118.259911,POINT(-118.259911 34.03467)
CB1949,201 14TH ST,34.034344,-118.25933,POINT(-118.25933 34.034344)
CB1949B,201 14TH ST,34.034417,-118.259461,POINT(-118.259461 34.034417)
CB1949C,201 14TH ST,34.034449,-118.259515,POINT(-118.259515 34.034449)
CB1949A,201 14TH ST,34.034374,-118.259383,POINT(-118.259383 34.034374)
CB3520A,201 14TH ST,34.036471,-118.263976,POINT(-118.263976 34.036471)
CB3521A,201 14TH ST,34.036471,-118.263976,POINT(-118.263976 34.036471)
CB1995,201 15TH ST,34.033623,-118.260698,POINT(-118.260698 34.033623)
CB1991,201 15TH ST,34.033315,-118.26015,POINT(-118.26015 34.033315)
CB3543,201 15TH ST,34.035568,-118.264147,POINT(-118.264147 34.035568)
CB3544,201 15TH ST,34.035595,-118.264198,POINT(-118.264198 34.035595)
CB3545,201 15TH ST,34.035792,-118.26454,POINT(-118.26454 34.035792)
CB3545A,201 15TH ST,34.035824,-118.264597,POINT(-118.264597 34.035824)
CB1996,201 15TH ST,34.033651,-118.26075,POINT(-118.26075 34.033651)
CB1994,201 15TH ST,34.03342,-118.260339,POINT(-118.260339 34.03342)
CB1993,201 15TH ST,34.033388,-118.260281,POINT(-118.260281 34.033388)
CB1992,201 15TH ST,34.033345,-118.260205,POINT(-118.260205 34.033345)
CB3987,201 16TH ST,34.03294,-118.261258,POINT(-118.261258 34.03294)
CB3980,201 16TH ST,34.032643,-118.260733,POINT(-118.260733 34.032643)
CB3984,201 16TH ST,34.032842,-118.261083,POINT(-118.261083 34.032842)
CB3978,201 16TH ST,34.032573,-118.260609,POINT(-118.260609 34.032573)
CB3979,201 16TH ST,34.032601,-118.26066,POINT(-118.26066 34.032601)
CB3981,201 16TH ST,34.032673,-118.260785,POINT(-118.260785 34.032673)
CB3986,201 16TH ST,34.032911,-118.261206,POINT(-118.261206 34.032911)
CB3983,201 16TH ST,34.032742,-118.260909,POINT(-118.260909 34.032742)
CB3982,201 16TH ST,34.032714,-118.260859,POINT(-118.260859 34.032714)
CB3000,201 4TH ST,34.049247,-118.248832,POINT(-118.248832 34.049247)
CB3000A,201 4TH ST,34.049215,-118.248783,POINT(-118.248783 34.049215)
CB3001A,201 4TH ST,34.049087,-118.248589,POINT(-118.248589 34.049087)
CB3040,201 4TH ST,34.046841,-118.245317,POINT(-118.245317 34.046841)
CB3041,201 4TH ST,34.046801,-118.245243,POINT(-118.245243 34.046801)
CB3036,201 4TH ST,34.047045,-118.245715,POINT(-118.245715 34.047045)
CB3034,201 4TH ST,34.047109,-118.245841,POINT(-118.245841 34.047109)
CB3035,201 4TH ST,34.04707,-118.245764,POINT(-118.245764 34.04707)
CB3043,201 4TH ST,34.046734,-118.245112,POINT(-118.245112 34.046734)
CB2997,201 4TH ST,34.049379,-118.249042,POINT(-118.249042 34.049379)
CB2999,201 4TH ST,34.049292,-118.248901,POINT(-118.248901 34.049292)
CB2998,201 4TH ST,34.049323,-118.248948,POINT(-118.248948 34.049323)
CB3099,201 5TH ST,34.047953,-118.250389,POINT(-118.250389 34.047953)
CB3144,201 6TH ST,34.044241,-118.248283,POINT(-118.248283 34.044241)
SP830,201 6TH ST,33.738688,-118.281914,POINT(-118.281914 33.738688)
SP829,201 6TH ST,33.738688,-118.281974,POINT(-118.281974 33.738688)
CB3114,201 6TH ST,34.046471,-118.251634,POINT(-118.251634 34.046471)
SP832,201 6TH ST,33.738688,-118.281762,POINT(-118.281762 33.738688)
SP831,201 6TH ST,33.738689,-118.281824,POINT(-118.281824 33.738689)
CB3143A,201 6TH ST,34.044271,-118.24833,POINT(-118.24833 34.044271)
SP363A,201 7TH ST,33.73777,-118.282543,POINT(-118.282543 33.73777)
SP361A,201 7TH ST,33.737771,-118.282859,POINT(-118.282859 33.737771)
SP364,201 7TH ST,33.737769,-118.282387,POINT(-118.282387 33.737769)
SP362,201 7TH ST,33.737771,-118.28276,POINT(-118.28276 33.737771)
SP360,201 7TH ST,33.73777,-118.283112,POINT(-118.283112 33.73777)
SP363,201 7TH ST,33.737771,-118.282697,POINT(-118.282697 33.737771)
SP361,201 7TH ST,33.737771,-118.282936,POINT(-118.282936 33.737771)
SP366,201 7TH ST,33.737768,-118.282012,POINT(-118.282012 33.737768)
SP367,201 7TH ST,33.737755,-118.281726,POINT(-118.281726 33.737755)
SP365,201 7TH ST,33.737769,-118.282329,POINT(-118.282329 33.737769)
CB3202,201 8TH ST,34.041725,-118.251975,POINT(-118.251975 34.041725)
CB3202A,201 8TH ST,34.041764,-118.252015,POINT(-118.252015 34.041764)
CB3201,201 8TH ST,34.04163,-118.251873,POINT(-118.251873 34.04163)
CB3201A,201 8TH ST,34.04167,-118.251915,POINT(-118.251915 34.04167)
CB832,201 9TH ST,34.040429,-118.253653,POINT(-118.253653 34.040429)
CB3331,201 9TH ST,34.042725,-118.256542,POINT(-118.256542 34.042725)
CB833,201 9TH ST,34.040387,-118.253606,POINT(-118.253606 34.040387)
CT419,201 ALPINE ST,34.062096,-118.23742,POINT(-118.23742 34.062096)
LT9A,201 BOYD ST,34.047522,-118.244699,POINT(-118.244699 34.047522)
LT10,201 BOYD ST,34.047565,-118.244773,POINT(-118.244773 34.047565)
LT10A,201 BOYD ST,34.047596,-118.244822,POINT(-118.244822 34.047596)
LT11A,201 BOYD ST,34.047711,-118.24501,POINT(-118.24501 34.047711)
LT12,201 BOYD ST,34.04776,-118.24509,POINT(-118.24509 34.04776)
LT13,201 BOYD ST,34.047791,-118.24514,POINT(-118.24514 34.047791)
LT8,201 BOYD ST,34.047415,-118.244527,POINT(-118.244527 34.047415)
LT7,201 BOYD ST,34.04734,-118.244404,POINT(-118.244404 34.04734)
LT274,201 CENTRAL AVE,34.047249,-118.239539,POINT(-118.239539 34.047249)
LT276,201 CENTRAL AVE,34.046813,-118.239592,POINT(-118.239592 34.046813)
LT275,201 CENTRAL AVE,34.047027,-118.239566,POINT(-118.239566 34.047027)
LT273A,201 CENTRAL AVE,34.047335,-118.23953,POINT(-118.23953 34.047335)
LT274A,201 CENTRAL AVE,34.047201,-118.239543,POINT(-118.239543 34.047201)
LT273,201 CENTRAL AVE,34.047384,-118.239524,POINT(-118.239524 34.047384)
CC518,201 HOPE ST,34.054128,-118.252026,POINT(-118.252026 34.054128)
CC1272,201 MAIN ST,34.049821,-118.245732,POINT(-118.245732 34.049821)
CB84,201 OLYMPIC BLVD,34.039193,-118.255238,POINT(-118.255238 34.039193)
CB88,201 OLYMPIC BLVD,34.039449,-118.255553,POINT(-118.255553 34.039449)
CB87,201 OLYMPIC BLVD,34.039394,-118.255495,POINT(-118.255495 34.039394)
CB86,201 OLYMPIC BLVD,34.039356,-118.255449,POINT(-118.255449 34.039356)
CB83,201 OLYMPIC BLVD,34.039155,-118.255188,POINT(-118.255188 34.039155)
CB85,201 OLYMPIC BLVD,34.039237,-118.255298,POINT(-118.255298 34.039237)
CB1183,201 PICO BLVD,34.038169,-118.262895,POINT(-118.262895 34.038169)
CB854A,201 PICO BLVD,34.035387,-118.258586,POINT(-118.258586 34.035387)
CB855A,201 PICO BLVD,34.035546,-118.258874,POINT(-118.258874 34.035546)
CB852,201 PICO BLVD,34.035291,-118.25841,POINT(-118.25841 34.035291)
CB1177,201 PICO BLVD,34.037878,-118.262382,POINT(-118.262382 34.037878)
CB1180,201 PICO BLVD,34.037998,-118.262589,POINT(-118.262589 34.037998)
CB853,201 PICO BLVD,34.03532,-118.258464,POINT(-118.258464 34.03532)
CB1182,201 PICO BLVD,34.038135,-118.262836,POINT(-118.262836 34.038135)
CB856A,201 PICO BLVD,34.035618,-118.259006,POINT(-118.259006 34.035618)
CB1859,201 WINSTON ST,34.046427,-118.246667,POINT(-118.246667 34.046427)
CB1858,201 WINSTON ST,34.046233,-118.246486,POINT(-118.246486 34.046233)
CB1857,201 WINSTON ST,34.046135,-118.246377,POINT(-118.246377 34.046135)
CB1856,201 WINSTON ST,34.046053,-118.246273,POINT(-118.246273 34.046053)
CB1852A,201 WINSTON ST,34.045761,-118.245753,POINT(-118.245753 34.045761)
CB1856A,201 WINSTON ST,34.046084,-118.246313,POINT(-118.246313 34.046084)
82716,21 WASHINGTON BLVD,33.979459,-118.466279,POINT(-118.466279 33.979459)
82715,21 WASHINGTON BLVD,33.979473,-118.466255,POINT(-118.466255 33.979473)
82718,21 WASHINGTON BLVD,33.979428,-118.466332,POINT(-118.466332 33.979428)
82717,21 WASHINGTON BLVD,33.979444,-118.466305,POINT(-118.466305 33.979444)
61144,219 ROSE AVE,33.996321,-118.477456,POINT(-118.477456 33.996321)
61143,219 ROSE AVE,33.996349,-118.477402,POINT(-118.477402 33.996349)
61142,219 ROSE AVE,33.996387,-118.47733,POINT(-118.47733 33.996387)
61141,219 ROSE AVE,33.996416,-118.477276,POINT(-118.477276 33.996416)
61245,220 ROSE AVE,33.99635,-118.477201,POINT(-118.477201 33.99635)
61244,220 ROSE AVE,33.996323,-118.477253,POINT(-118.477253 33.996323)
61223,222 MAIN ST,33.997274,-118.478721,POINT(-118.478721 33.997274)
61224,222 MAIN ST,33.997318,-118.478767,POINT(-118.478767 33.997318)
61220,222 MAIN ST,33.997117,-118.478566,POINT(-118.478566 33.997117)
61219,228 MAIN ST,33.997077,-118.478527,POINT(-118.478527 33.997077)
61217,228 MAIN ST,33.996983,-118.478431,POINT(-118.478431 33.996983)
61215,228 MAIN ST,33.9968,-118.47825,POINT(-118.47825 33.9968)
61218,228 MAIN ST,33.997022,-118.478471,POINT(-118.478471 33.997022)
82711,23 WASHINGTON BLVD,33.979537,-118.466142,POINT(-118.466142 33.979537)
82709,23 WASHINGTON BLVD,33.979568,-118.466087,POINT(-118.466087 33.979568)
82708,23 WASHINGTON BLVD,33.979582,-118.466062,POINT(-118.466062 33.979582)
82710,23 WASHINGTON BLVD,33.979553,-118.466116,POINT(-118.466116 33.979553)
82712,23 WASHINGTON BLVD,33.979522,-118.46617,POINT(-118.46617 33.979522)
82713,23 WASHINGTON BLVD,33.979505,-118.4662,POINT(-118.4662 33.979505)
82714,23 WASHINGTON BLVD,33.97949,-118.466227,POINT(-118.466227 33.97949)
61116,245 MAIN ST,33.996964,-118.478645,POINT(-118.478645 33.996964)
61114,245 MAIN ST,33.997058,-118.478741,POINT(-118.478741 33.997058)
61111,245 MAIN ST,33.997217,-118.478897,POINT(-118.478897 33.997217)
61113,245 MAIN ST,33.997106,-118.478788,POINT(-118.478788 33.997106)
61112,245 MAIN ST,33.997177,-118.478857,POINT(-118.478857 33.997177)
61121,255 MAIN ST,33.996677,-118.478366,POINT(-118.478366 33.996677)
61124,255 MAIN ST,33.996527,-118.478216,POINT(-118.478216 33.996527)
61123,255 MAIN ST,33.99658,-118.478269,POINT(-118.478269 33.99658)
61125,255 MAIN ST,33.996485,-118.478172,POINT(-118.478172 33.996485)
61122,255 MAIN ST,33.996625,-118.478314,POINT(-118.478314 33.996625)
61127,255 MAIN ST,33.996386,-118.478075,POINT(-118.478075 33.996386)
61128,255 MAIN ST,33.996329,-118.478016,POINT(-118.478016 33.996329)
82820,26 WASHINGTON BLVD,33.979423,-118.466046,POINT(-118.466046 33.979423)
82821,26 WASHINGTON BLVD,33.979436,-118.466018,POINT(-118.466018 33.979436)
82822,26 WASHINGTON BLVD,33.979451,-118.465992,POINT(-118.465992 33.979451)
C1252,2601 FIGUEROA ST,34.027754,-118.276444,POINT(-118.276444 34.027754)
C1251,2601 FIGUEROA ST,34.027823,-118.276387,POINT(-118.276387 34.027823)
C3,2601 VERMONT AVE,34.031258,-118.29165,POINT(-118.29165 34.031258)
C7,2601 VERMONT AVE,34.03099,-118.291649,POINT(-118.291649 34.03099)
C6,2601 VERMONT AVE,34.031045,-118.291649,POINT(-118.291649 34.031045)
C2,2601 VERMONT AVE,34.031333,-118.29165,POINT(-118.29165 34.031333)
C1,2601 VERMONT AVE,34.03139,-118.291652,POINT(-118.291652 34.03139)
C4,2601 VERMONT AVE,34.03118,-118.291651,POINT(-118.291651 34.03118)
C5,2601 VERMONT AVE,34.031125,-118.291651,POINT(-118.291651 34.031125)
C504,2700 FIGUEROA ST,34.026714,-118.276763,POINT(-118.276763 34.026714)
C504A,2700 FIGUEROA ST,34.026933,-118.276624,POINT(-118.276624 34.026933)
C1043,2700 VERMONT AVE,34.030172,-118.291439,POINT(-118.291439 34.030172)
C1040,2700 VERMONT AVE,34.029867,-118.291439,POINT(-118.291439 34.029867)
C1039,2700 VERMONT AVE,34.029788,-118.291439,POINT(-118.291439 34.029788)
C1041,2700 VERMONT AVE,34.029919,-118.291439,POINT(-118.291439 34.029919)
C538,2701 FIGUEROA ST,34.026978,-118.276914,POINT(-118.276914 34.026978)
C539,2701 FIGUEROA ST,34.026795,-118.277033,POINT(-118.277033 34.026795)
C541,2701 FIGUEROA ST,34.026672,-118.27711,POINT(-118.27711 34.026672)
C540,2701 FIGUEROA ST,34.026744,-118.277065,POINT(-118.277065 34.026744)
C1032,2800 VERMONT AVE,34.029032,-118.291439,POINT(-118.291439 34.029032)
C542,2801 FIGUEROA ST,34.02595,-118.27757,POINT(-118.27757 34.02595)
C544,2801 FIGUEROA ST,34.025839,-118.277642,POINT(-118.277642 34.025839)
C545,2801 FIGUEROA ST,34.025787,-118.277674,POINT(-118.277674 34.025787)
C543,2801 FIGUEROA ST,34.025902,-118.277601,POINT(-118.277601 34.025902)
C24,2801 VERMONT AVE,34.029314,-118.291646,POINT(-118.291646 34.029314)
C26,2801 VERMONT AVE,34.029184,-118.291648,POINT(-118.291648 34.029184)
C27,2801 VERMONT AVE,34.029135,-118.291648,POINT(-118.291648 34.029135)
C28,2801 VERMONT AVE,34.029053,-118.291647,POINT(-118.291647 34.029053)
C25,2801 VERMONT AVE,34.029265,-118.291646,POINT(-118.291646 34.029265)
61365,29 WINDWARD AVE,33.987328,-118.47298,POINT(-118.47298 33.987328)
61363,29 WINDWARD AVE,33.987371,-118.472911,POINT(-118.472911 33.987371)
61364,29 WINDWARD AVE,33.987349,-118.472946,POINT(-118.472946 33.987349)
61366,29 WINDWARD AVE,33.987307,-118.473014,POINT(-118.473014 33.987307)
C1022,2900 VERMONT AVE,34.027772,-118.291431,POINT(-118.291431 34.027772)
C1024,2900 VERMONT AVE,34.027909,-118.291437,POINT(-118.291437 34.027909)
C1024A,2900 VERMONT AVE,34.027964,-118.291438,POINT(-118.291438 34.027964)
C1023,2900 VERMONT AVE,34.027829,-118.291432,POINT(-118.291432 34.027829)
C1020,2900 VERMONT AVE,34.02764,-118.291433,POINT(-118.291433 34.02764)
C1021,2900 VERMONT AVE,34.027696,-118.291434,POINT(-118.291434 34.027696)
C37,2901 VERMONT AVE,34.028038,-118.291648,POINT(-118.291648 34.028038)
C38,2901 VERMONT AVE,34.027964,-118.291648,POINT(-118.291648 34.027964)
61213,298 MAIN ST,33.996422,-118.477871,POINT(-118.477871 33.996422)
61212,298 MAIN ST,33.996369,-118.477818,POINT(-118.477818 33.996369)
61211,298 MAIN ST,33.996326,-118.477774,POINT(-118.477774 33.996326)
61214,298 MAIN ST,33.996467,-118.477916,POINT(-118.477916 33.996467)
CB586,300 11TH ST,34.037554,-118.255858,POINT(-118.255858 34.037554)
CB587,300 11TH ST,34.037605,-118.255935,POINT(-118.255935 34.037605)
CB585,300 11TH ST,34.037518,-118.255803,POINT(-118.255803 34.037518)
CB3434,300 11TH ST,34.04104,-118.261291,POINT(-118.261291 34.04104)
CB568,300 12TH ST,34.03612,-118.257198,POINT(-118.257198 34.03612)
CB3501,300 12TH ST,34.039856,-118.262979,POINT(-118.262979 34.039856)
CB3502,300 12TH ST,34.03978,-118.262863,POINT(-118.262863 34.03978)
CB3506,300 12TH ST,34.039568,-118.262534,POINT(-118.262534 34.039568)
CB3505,300 12TH ST,34.039609,-118.262598,POINT(-118.262598 34.039609)
CB3503,300 12TH ST,34.039679,-118.262746,POINT(-118.262746 34.039679)
CB3854,300 14TH ST,34.036873,-118.26494,POINT(-118.26494 34.036873)
CB3851,300 14TH ST,34.037024,-118.265215,POINT(-118.265215 34.037024)
CB2055,300 14TH ST,34.033681,-118.258397,POINT(-118.258397 34.033681)
CB2053,300 14TH ST,34.033753,-118.258527,POINT(-118.258527 34.033753)
CB3852,300 14TH ST,34.036995,-118.265163,POINT(-118.265163 34.036995)
CB3853,300 14TH ST,34.036952,-118.265088,POINT(-118.265088 34.036952)
CB2049,300 14TH ST,34.033943,-118.25887,POINT(-118.25887 34.033943)
CB2051,300 14TH ST,34.033874,-118.258742,POINT(-118.258742 34.033874)
CB2050,300 14TH ST,34.033916,-118.258819,POINT(-118.258819 34.033916)
CB3534,300 15TH ST,34.03296,-118.259777,POINT(-118.259777 34.03296)
CB3542,300 15TH ST,34.032604,-118.259142,POINT(-118.259142 34.032604)
CB3541,300 15TH ST,34.032634,-118.259195,POINT(-118.259195 34.032634)
CB3535,300 15TH ST,34.032915,-118.259697,POINT(-118.259697 34.032915)
CB3536,300 15TH ST,34.032889,-118.259648,POINT(-118.259648 34.032889)
CB4012,300 16TH ST,34.031894,-118.259656,POINT(-118.259656 34.031894)
CB4006,300 16TH ST,34.032236,-118.260267,POINT(-118.260267 34.032236)
CB4010,300 16TH ST,34.032095,-118.260014,POINT(-118.260014 34.032095)
CB4011,300 16TH ST,34.032053,-118.259941,POINT(-118.259941 34.032053)
CB4007,300 16TH ST,34.032196,-118.260191,POINT(-118.260191 34.032196)
LT54A,300 2ND ST,34.047973,-118.239828,POINT(-118.239828 34.047973)
CB3071,300 4TH ST,34.04602,-118.243689,POINT(-118.243689 34.04602)
SP639,300 6TH ST,33.738809,-118.28417,POINT(-118.28417 33.738809)
SP638,300 6TH ST,33.738809,-118.284064,POINT(-118.284064 33.738809)
SP640,300 6TH ST,33.73881,-118.284236,POINT(-118.284236 33.73881)
SP646,300 6TH ST,33.738811,-118.284857,POINT(-118.284857 33.738811)
SP645,300 6TH ST,33.738811,-118.284759,POINT(-118.284759 33.738811)
SP513,300 7TH ST,33.737911,-118.284299,POINT(-118.284299 33.737911)
SP510A,300 7TH ST,33.737911,-118.283908,POINT(-118.283908 33.737911)
SP511,300 7TH ST,33.73791,-118.284067,POINT(-118.284067 33.73791)
SP523,300 7TH ST,33.737915,-118.285283,POINT(-118.285283 33.737915)
SP512,300 7TH ST,33.737911,-118.284216,POINT(-118.284216 33.737911)
SP522,300 7TH ST,33.737913,-118.285211,POINT(-118.285211 33.737913)
SP520,300 7TH ST,33.737913,-118.284989,POINT(-118.284989 33.737913)
SP510,300 7TH ST,33.737909,-118.283843,POINT(-118.283843 33.737909)
SP518,300 7TH ST,33.737912,-118.284684,POINT(-118.284684 33.737912)
SP521,300 7TH ST,33.737914,-118.285067,POINT(-118.285067 33.737914)
SP517,300 7TH ST,33.737912,-118.284614,POINT(-118.284614 33.737912)
SP514,300 7TH ST,33.737912,-118.284372,POINT(-118.284372 33.737912)
CB3220,300 8TH ST,34.04401,-118.255202,POINT(-118.255202 34.04401)
CB3221,300 8TH ST,34.044055,-118.255273,POINT(-118.255273 34.044055)
CB3260,300 8TH ST,34.041077,-118.251544,POINT(-118.251544 34.041077)
CB3222,300 8TH ST,34.044085,-118.255321,POINT(-118.255321 34.044085)
CB3259,300 8TH ST,34.041117,-118.251587,POINT(-118.251587 34.041117)
CB3345,300 9TH ST,34.039848,-118.25325,POINT(-118.25325 34.039848)
CB3321,300 9TH ST,34.043494,-118.257988,POINT(-118.257988 34.043494)
LT310A,300 BOYD ST,34.046753,-118.243092,POINT(-118.243092 34.046753)
LT308A,300 BOYD ST,34.046933,-118.243626,POINT(-118.243626 34.046933)
LT309,300 BOYD ST,34.046909,-118.243556,POINT(-118.243556 34.046909)
LT311,300 BOYD ST,34.046725,-118.243008,POINT(-118.243008 34.046725)
LT309A,300 BOYD ST,34.046835,-118.24334,POINT(-118.24334 34.046835)
LT306,300 BOYD ST,34.047061,-118.244006,POINT(-118.244006 34.047061)
LT439,300 CENTRAL AVE,34.044967,-118.239495,POINT(-118.239495 34.044967)
LT447,300 CENTRAL AVE,34.045615,-118.239453,POINT(-118.239453 34.045615)
LT436,300 CENTRAL AVE,34.044659,-118.239513,POINT(-118.239513 34.044659)
LT440,300 CENTRAL AVE,34.045021,-118.239492,POINT(-118.239492 34.045021)
LT431,300 CENTRAL AVE,34.044002,-118.239565,POINT(-118.239565 34.044002)
LT448,300 CENTRAL AVE,34.045671,-118.23945,POINT(-118.23945 34.045671)
LT438,300 CENTRAL AVE,34.044788,-118.239507,POINT(-118.239507 34.044788)
LT405,300 CROCKER ST,34.04572,-118.240677,POINT(-118.240677 34.04572)
LT399,300 CROCKER ST,34.045259,-118.241091,POINT(-118.241091 34.045259)
LT403,300 CROCKER ST,34.045535,-118.240843,POINT(-118.240843 34.045535)
LT401,300 CROCKER ST,34.045362,-118.240998,POINT(-118.240998 34.045362)
CC1223,300 LOS ANGELES ST,34.047988,-118.245104,POINT(-118.245104 34.047988)
CC1219A,300 LOS ANGELES ST,34.047365,-118.245852,POINT(-118.245852 34.047365)
CC1222,300 LOS ANGELES ST,34.047951,-118.24514,POINT(-118.24514 34.047951)
CC1467,300 MAIN ST,34.048941,-118.246324,POINT(-118.246324 34.048941)
CB70,300 OLYMPIC BLVD,34.038698,-118.254845,POINT(-118.254845 34.038698)
CB72,300 OLYMPIC BLVD,34.038627,-118.254717,POINT(-118.254717 34.038627)
LT344A,300 OMAR AVE,34.046359,-118.241257,POINT(-118.241257 34.046359)
LT342A,300 OMAR AVE,34.046104,-118.241487,POINT(-118.241487 34.046104)
LT343A,300 OMAR AVE,34.046254,-118.24135,POINT(-118.24135 34.046254)
LT339,300 OMAR AVE,34.04571,-118.241842,POINT(-118.241842 34.04571)
LT337,300 OMAR AVE,34.04554,-118.241993,POINT(-118.241993 34.04554)
LT343,300 OMAR AVE,34.04621,-118.241392,POINT(-118.241392 34.04621)
CB515,300 PICO BLVD,34.03492,-118.258001,POINT(-118.258001 34.03492)
CB518A,300 PICO BLVD,34.034656,-118.257522,POINT(-118.257522 34.034656)
CB516,300 PICO BLVD,34.034889,-118.257946,POINT(-118.257946 34.034889)
CB517A,300 PICO BLVD,34.034727,-118.257652,POINT(-118.257652 34.034727)
CB517,300 PICO BLVD,34.034846,-118.257868,POINT(-118.257868 34.034846)
CB518,300 PICO BLVD,34.034684,-118.257574,POINT(-118.257574 34.034684)
LT319,300 SAN PEDRO ST,34.04697,-118.242518,POINT(-118.242518 34.04697)
CC1567,300 SPRING ST,34.049427,-118.247642,POINT(-118.247642 34.049427)
CC1568,300 SPRING ST,34.049376,-118.247697,POINT(-118.247697 34.049376)
LT562,300 TOWNE AVE,34.044988,-118.240118,POINT(-118.240118 34.044988)
LT560,300 TOWNE AVE,34.04457,-118.240493,POINT(-118.240493 34.04457)
LT564,300 TOWNE AVE,34.045197,-118.23993,POINT(-118.23993 34.045197)
AE401,300 VIGNES ST,34.050736,-118.233393,POINT(-118.233393 34.050736)
LT377,300 WALL ST,34.047343,-118.244073,POINT(-118.244073 34.047343)
LT303B,300 WALL ST,34.04669,-118.244457,POINT(-118.244457 34.04669)
LT303C,300 WALL ST,34.046736,-118.244429,POINT(-118.244429 34.046736)
LT304C,300 WALL ST,34.047032,-118.244255,POINT(-118.244255 34.047032)
LT378,300 WALL ST,34.047411,-118.244033,POINT(-118.244033 34.047411)
LT303,300 WALL ST,34.04658,-118.24452,POINT(-118.24452 34.04658)
WP70,300 WASHINGTON BLVD,33.980334,-118.464394,POINT(-118.464394 33.980334)
WP69,300 WASHINGTON BLVD,33.980268,-118.464502,POINT(-118.464502 33.980268)
WP71,300 WASHINGTON BLVD,33.980383,-118.464318,POINT(-118.464318 33.980383)
WP69A,300 WASHINGTON BLVD,33.980302,-118.464446,POINT(-118.464446 33.980302)
WP72,300 WASHINGTON BLVD,33.980411,-118.464275,POINT(-118.464275 33.980411)
WP76,300 WASHINGTON BLVD,33.980655,-118.46389,POINT(-118.46389 33.980655)
WP77,300 WASHINGTON BLVD,33.980706,-118.463812,POINT(-118.463812 33.980706)
WP74,300 WASHINGTON BLVD,33.980575,-118.464014,POINT(-118.464014 33.980575)
WP73,300 WASHINGTON BLVD,33.980545,-118.464063,POINT(-118.464063 33.980545)
WP75,300 WASHINGTON BLVD,33.980623,-118.46394,POINT(-118.46394 33.980623)
CB3943,300 WINSTON ST,34.045329,-118.244692,POINT(-118.244692 34.045329)
CB3938,300 WINSTON ST,34.04544,-118.245012,POINT(-118.245012 34.04544)
WP160,3000 DELL AVE,33.981288,-118.463616,POINT(-118.463616 33.981288)
C470,3000 FIGUEROA ST,34.024335,-118.278281,POINT(-118.278281 34.024335)
C469,3000 FIGUEROA ST,34.024294,-118.278306,POINT(-118.278306 34.024294)
C1202,3000 MCCLINTOCK AVE,34.026328,-118.285935,POINT(-118.285935 34.026328)
C1198,3000 MCCLINTOCK AVE,34.026036,-118.286189,POINT(-118.286189 34.026036)
C1201,3000 MCCLINTOCK AVE,34.026285,-118.285969,POINT(-118.285969 34.026285)
C1205,3000 MCCLINTOCK AVE,34.02671,-118.285707,POINT(-118.285707 34.02671)
C1206,3000 MCCLINTOCK AVE,34.026764,-118.285686,POINT(-118.285686 34.026764)
C1200,3000 MCCLINTOCK AVE,34.026221,-118.286024,POINT(-118.286024 34.026221)
C1199,3000 MCCLINTOCK AVE,34.026175,-118.286065,POINT(-118.286065 34.026175)
C1197A,3000 MCCLINTOCK AVE,34.02601,-118.28621,POINT(-118.28621 34.02601)
C1197,3000 MCCLINTOCK AVE,34.025989,-118.28623,POINT(-118.28623 34.025989)
C1196,3000 MCCLINTOCK AVE,34.02593,-118.286283,POINT(-118.286283 34.02593)
C1203,3000 MCCLINTOCK AVE,34.026582,-118.285765,POINT(-118.285765 34.026582)
C1005,3000 VERMONT AVE,34.026313,-118.291403,POINT(-118.291403 34.026313)
C1006,3000 VERMONT AVE,34.026592,-118.291406,POINT(-118.291406 34.026592)
C1009,3000 VERMONT AVE,34.026777,-118.291407,POINT(-118.291407 34.026777)
C1012,3000 VERMONT AVE,34.027212,-118.291436,POINT(-118.291436 34.027212)
C1010,3000 VERMONT AVE,34.027083,-118.291437,POINT(-118.291437 34.027083)
C1011,3000 VERMONT AVE,34.027158,-118.291437,POINT(-118.291437 34.027158)
C1007,3000 VERMONT AVE,34.026649,-118.291406,POINT(-118.291406 34.026649)
WP153,3001 CLUNE AVE,33.981721,-118.462922,POINT(-118.462922 33.981721)
WP163,3001 DELL AVE,33.9813,-118.463794,POINT(-118.463794 33.9813)
C553,3001 FIGUEROA ST,34.024274,-118.278639,POINT(-118.278639 34.024274)
C551,3001 FIGUEROA ST,34.024498,-118.278497,POINT(-118.278497 34.024498)
C554,3001 FIGUEROA ST,34.024211,-118.278681,POINT(-118.278681 34.024211)
C1165,3001 HOOVER ST,34.026835,-118.284105,POINT(-118.284105 34.026835)
C1164,3001 HOOVER ST,34.026894,-118.284104,POINT(-118.284104 34.026894)
C1166,3001 HOOVER ST,34.026754,-118.284105,POINT(-118.284105 34.026754)
C50,3001 VERMONT AVE,34.027071,-118.291646,POINT(-118.291646 34.027071)
C49,3001 VERMONT AVE,34.027127,-118.291647,POINT(-118.291647 34.027127)
C63,3001 VERMONT AVE,34.02663,-118.291647,POINT(-118.291647 34.02663)
CB606,301 11TH ST,34.03731,-118.255306,POINT(-118.255306 34.03731)
CB607,301 11TH ST,34.037355,-118.255376,POINT(-118.255376 34.037355)
CB3498,301 12TH ST,34.039657,-118.262439,POINT(-118.262439 34.039657)
CB579,301 12TH ST,34.035821,-118.256499,POINT(-118.256499 34.035821)
CB3497,301 12TH ST,34.039769,-118.262614,POINT(-118.262614 34.039769)
CB578,301 12TH ST,34.035868,-118.256569,POINT(-118.256569 34.035868)
CB3857,301 14TH ST,34.036752,-118.264472,POINT(-118.264472 34.036752)
CB2045B,301 14TH ST,34.033813,-118.25838,POINT(-118.25838 34.033813)
CB2047,301 14TH ST,34.033981,-118.258678,POINT(-118.258678 34.033981)
CB3858,301 14TH ST,34.036843,-118.264635,POINT(-118.264635 34.036843)
CB2046A,301 14TH ST,34.033868,-118.258477,POINT(-118.258477 34.033868)
CB3862,301 14TH ST,34.036982,-118.264886,POINT(-118.264886 34.036982)
CB2045,301 14TH ST,34.033704,-118.258184,POINT(-118.258184 34.033704)
CB2047A,301 14TH ST,34.034016,-118.258743,POINT(-118.258743 34.034016)
CB2047B,301 14TH ST,34.034046,-118.258794,POINT(-118.258794 34.034046)
CB2046,301 14TH ST,34.03384,-118.258429,POINT(-118.258429 34.03384)
CB2046B,301 14TH ST,34.03395,-118.258627,POINT(-118.258627 34.03395)
CB3526,301 15TH ST,34.032745,-118.259136,POINT(-118.259136 34.032745)
CB3524,301 15TH ST,34.032678,-118.259015,POINT(-118.259015 34.032678)
CB3525,301 15TH ST,34.032705,-118.259064,POINT(-118.259064 34.032705)
CB3533,301 15TH ST,34.033055,-118.259691,POINT(-118.259691 34.033055)
CB3532,301 15TH ST,34.033028,-118.259642,POINT(-118.259642 34.033028)
CB3527,301 15TH ST,34.032773,-118.259189,POINT(-118.259189 34.032773)
CB3528,301 15TH ST,34.032815,-118.259262,POINT(-118.259262 34.032815)
CB3971,301 16TH ST,34.032105,-118.259776,POINT(-118.259776 34.032105)
CB3973,301 16TH ST,34.032228,-118.259995,POINT(-118.259995 34.032228)
CB3976,301 16TH ST,34.032341,-118.260194,POINT(-118.260194 34.032341)
CB3975,301 16TH ST,34.032299,-118.26012,POINT(-118.26012 34.032299)
CB3977,301 16TH ST,34.03237,-118.260246,POINT(-118.260246 34.03237)
CB3972,301 16TH ST,34.032134,-118.259828,POINT(-118.259828 34.032134)
LT120,301 1ST ST,34.050062,-118.240268,POINT(-118.240268 34.050062)
LT121,301 1ST ST,34.050095,-118.240315,POINT(-118.240315 34.050095)
LT122,301 1ST ST,34.050145,-118.240389,POINT(-118.240389 34.050145)
CB3906,301 4TH ST,34.049805,-118.249684,POINT(-118.249684 34.049805)
CB3906A,301 4TH ST,34.049773,-118.249635,POINT(-118.249635 34.049773)
CB3905B,301 4TH ST,34.049882,-118.249806,POINT(-118.249806 34.049882)
CB3061,301 4TH ST,34.046186,-118.2438,POINT(-118.2438 34.046186)
CB3064,301 4TH ST,34.046113,-118.243583,POINT(-118.243583 34.046113)
CB3062,301 4TH ST,34.046159,-118.243723,POINT(-118.243723 34.046159)
CB3063,301 4TH ST,34.04614,-118.243665,POINT(-118.243665 34.04614)
CB3057,301 4TH ST,34.046282,-118.244082,POINT(-118.244082 34.046282)
CB3056,301 4TH ST,34.046301,-118.244142,POINT(-118.244142 34.046301)
CB3059,301 4TH ST,34.046237,-118.243947,POINT(-118.243947 34.046237)
CB3815,301 5TH ST,34.045098,-118.24597,POINT(-118.24597 34.045098)
CB3112A,301 6TH ST,34.047262,-118.252795,POINT(-118.252795 34.047262)
SP596,301 6TH ST,33.73869,-118.28388,POINT(-118.28388 33.73869)
SP580,301 6TH ST,33.738694,-118.285266,POINT(-118.285266 33.738694)
SP597,301 6TH ST,33.73869,-118.283817,POINT(-118.283817 33.73869)
SP598,301 6TH ST,33.738689,-118.283716,POINT(-118.283716 33.738689)
SP584,301 6TH ST,33.738693,-118.284952,POINT(-118.284952 33.738693)
SP581,301 6TH ST,33.738693,-118.285173,POINT(-118.285173 33.738693)
SP587,301 6TH ST,33.738691,-118.28466,POINT(-118.28466 33.738691)
SP583,301 6TH ST,33.738693,-118.285015,POINT(-118.285015 33.738693)
SP594,301 6TH ST,33.73869,-118.284035,POINT(-118.284035 33.73869)
SP578,301 6TH ST,33.738693,-118.285417,POINT(-118.285417 33.738693)
SP582,301 6TH ST,33.738694,-118.285113,POINT(-118.285113 33.738694)
CB3111,301 6TH ST,34.047277,-118.252826,POINT(-118.252826 34.047277)
SP339,301 7TH ST,33.737779,-118.285195,POINT(-118.285195 33.737779)
SP343,301 7TH ST,33.737776,-118.284694,POINT(-118.284694 33.737776)
SP345,301 7TH ST,33.737777,-118.284536,POINT(-118.284536 33.737777)
SP346,301 7TH ST,33.737777,-118.284474,POINT(-118.284474 33.737777)
SP352A,301 7TH ST,33.737773,-118.283902,POINT(-118.283902 33.737773)
SP337,301 7TH ST,33.737778,-118.285346,POINT(-118.285346 33.737778)
SP341,301 7TH ST,33.737777,-118.285038,POINT(-118.285038 33.737777)
SP344,301 7TH ST,33.737776,-118.284634,POINT(-118.284634 33.737776)
SP340,301 7TH ST,33.737777,-118.2851,POINT(-118.2851 33.737777)
SP352,301 7TH ST,33.737774,-118.284008,POINT(-118.284008 33.737774)
SP336,301 7TH ST,33.737778,-118.28541,POINT(-118.28541 33.737778)
SP338,301 7TH ST,33.737778,-118.285262,POINT(-118.285262 33.737778)
SP351,301 7TH ST,33.737774,-118.284072,POINT(-118.284072 33.737774)
CB3216,301 8TH ST,34.044109,-118.255096,POINT(-118.255096 34.044109)
CB3217,301 8TH ST,34.044165,-118.255176,POINT(-118.255176 34.044165)
CB3861,301 8TH ST,34.041071,-118.251288,POINT(-118.251288 34.041071)
CB3215,301 8TH ST,34.044077,-118.255051,POINT(-118.255051 34.044077)
CB2627,301 8TH ST,34.041071,-118.251288,POINT(-118.251288 34.041071)
CB3314,301 9TH ST,34.043454,-118.257657,POINT(-118.257657 34.043454)
CB3875,301 9TH ST,34.039769,-118.252906,POINT(-118.252906 34.039769)
CB3318,301 9TH ST,34.043268,-118.257372,POINT(-118.257372 34.043268)
CB3319,301 9TH ST,34.043222,-118.257302,POINT(-118.257302 34.043222)
CB3877,301 9TH ST,34.039862,-118.253008,POINT(-118.253008 34.039862)
CB3878,301 9TH ST,34.039902,-118.25305,POINT(-118.25305 34.039902)
CB3313,301 9TH ST,34.043539,-118.257785,POINT(-118.257785 34.043539)
CB3314A,301 9TH ST,34.043423,-118.257609,POINT(-118.257609 34.043423)
CB3874,301 9TH ST,34.039715,-118.252843,POINT(-118.252843 34.039715)
CB3316,301 9TH ST,34.043345,-118.257489,POINT(-118.257489 34.043345)
CB3876,301 9TH ST,34.039808,-118.252947,POINT(-118.252947 34.039808)
CB3312,301 9TH ST,34.043636,-118.257933,POINT(-118.257933 34.043636)
LT474,301 ALAMEDA ST,34.04465,-118.238189,POINT(-118.238189 34.04465)
LT467,301 ALAMEDA ST,34.045248,-118.238199,POINT(-118.238199 34.045248)
LT477,301 ALAMEDA ST,34.044278,-118.238197,POINT(-118.238197 34.044278)
LT476,301 ALAMEDA ST,34.044335,-118.238195,POINT(-118.238195 34.044335)
LT468,301 ALAMEDA ST,34.04519,-118.238199,POINT(-118.238199 34.04519)
LT371A,301 BOYD ST,34.04689,-118.243162,POINT(-118.243162 34.04689)
LT370,301 BOYD ST,34.046836,-118.243005,POINT(-118.243005 34.046836)
LT372A,301 BOYD ST,34.047002,-118.243499,POINT(-118.243499 34.047002)
LT375,301 BOYD ST,34.047149,-118.243942,POINT(-118.243942 34.047149)
LT371,301 BOYD ST,34.046865,-118.24309,POINT(-118.24309 34.046865)
LT372B,301 BOYD ST,34.047021,-118.243557,POINT(-118.243557 34.047021)
LT372C,301 BOYD ST,34.047052,-118.243644,POINT(-118.243644 34.047052)
LT376,301 BOYD ST,34.047173,-118.244007,POINT(-118.244007 34.047173)
LT374,301 BOYD ST,34.047123,-118.243859,POINT(-118.243859 34.047123)
LT427A,301 CENTRAL AVE,34.044997,-118.239758,POINT(-118.239758 34.044997)
LT427,301 CENTRAL AVE,34.04505,-118.239754,POINT(-118.239754 34.04505)
LT426A,301 CENTRAL AVE,34.045125,-118.23975,POINT(-118.23975 34.045125)
LT428,301 CENTRAL AVE,34.044788,-118.23977,POINT(-118.23977 34.044788)
LT392,301 CROCKER ST,34.046143,-118.240479,POINT(-118.240479 34.046143)
CC1260A,301 LOS ANGELES ST,34.047543,-118.245915,POINT(-118.245915 34.047543)
CC1260,301 LOS ANGELES ST,34.047579,-118.245864,POINT(-118.245864 34.047579)
CC1262,301 LOS ANGELES ST,34.047459,-118.246041,POINT(-118.246041 34.047459)
CB80,301 OLYMPIC BLVD,34.038823,-118.254638,POINT(-118.254638 34.038823)
CB76,301 OLYMPIC BLVD,34.038603,-118.254285,POINT(-118.254285 34.038603)
CB75,301 OLYMPIC BLVD,34.038556,-118.254213,POINT(-118.254213 34.038556)
CB79,301 OLYMPIC BLVD,34.038782,-118.254565,POINT(-118.254565 34.038782)
LT346,301 OMAR AVE,34.046489,-118.241321,POINT(-118.241321 34.046489)
LT351,301 OMAR AVE,34.04625,-118.241535,POINT(-118.241535 34.04625)
LT348,301 OMAR AVE,34.046389,-118.241411,POINT(-118.241411 34.046389)
CB554A,301 PICO BLVD,34.034909,-118.257723,POINT(-118.257723 34.034909)
CB1251,301 PICO BLVD,34.038739,-118.263895,POINT(-118.263895 34.038739)
CB554,301 PICO BLVD,34.034849,-118.257614,POINT(-118.257614 34.034849)
CB555,301 PICO BLVD,34.034938,-118.257777,POINT(-118.257777 34.034938)
CB1249,301 PICO BLVD,34.038591,-118.263638,POINT(-118.263638 34.038591)
CB1248A,301 PICO BLVD,34.038551,-118.263568,POINT(-118.263568 34.038551)
CB556,301 PICO BLVD,34.035011,-118.25791,POINT(-118.25791 34.035011)
CB1247,301 PICO BLVD,34.038479,-118.26344,POINT(-118.26344 34.038479)
CB1248,301 PICO BLVD,34.038509,-118.263493,POINT(-118.263493 34.038509)
CB1250,301 PICO BLVD,34.038626,-118.26369,POINT(-118.26369 34.038626)
LT556,301 TOWNE AVE,34.04494,-118.240381,POINT(-118.240381 34.04494)
LT558,301 TOWNE AVE,34.044727,-118.240573,POINT(-118.240573 34.044727)
LT302,301 WALL ST,34.047482,-118.244152,POINT(-118.244152 34.047482)
LT486A,301 WALL ST,34.046807,-118.244546,POINT(-118.244546 34.046807)
LT485,301 WALL ST,34.047026,-118.244418,POINT(-118.244418 34.047026)
LT298,301 WALL ST,34.047784,-118.243976,POINT(-118.243976 34.047784)
WP9,301 WASHINGTON BLVD,33.980487,-118.4646,POINT(-118.4646 33.980487)
WP3,301 WASHINGTON BLVD,33.980954,-118.463865,POINT(-118.463865 33.980954)
WP10,301 WASHINGTON BLVD,33.980449,-118.464657,POINT(-118.464657 33.980449)
WP8,301 WASHINGTON BLVD,33.980588,-118.464438,POINT(-118.464438 33.980588)
WP2,301 WASHINGTON BLVD,33.981002,-118.463788,POINT(-118.463788 33.981002)
WP1,301 WASHINGTON BLVD,33.981032,-118.463742,POINT(-118.463742 33.981032)
WP5,301 WASHINGTON BLVD,33.980841,-118.464043,POINT(-118.464043 33.980841)
WP4,301 WASHINGTON BLVD,33.980915,-118.463925,POINT(-118.463925 33.980915)
CB3948,301 WINSTON ST,34.045463,-118.244755,POINT(-118.244755 34.045463)
CB3949,301 WINSTON ST,34.045443,-118.244694,POINT(-118.244694 34.045443)
CB3952A,301 WINSTON ST,34.045192,-118.24397,POINT(-118.24397 34.045192)
CC1460,302 MAIN ST,34.048541,-118.246696,POINT(-118.246696 34.048541)
CC1461,302 MAIN ST,34.048589,-118.24665,POINT(-118.24665 34.048589)
82707,31 WASHINGTON BLVD,33.979598,-118.466036,POINT(-118.466036 33.979598)
82704,31 WASHINGTON BLVD,33.979649,-118.465955,POINT(-118.465955 33.979649)
82706,31 WASHINGTON BLVD,33.979615,-118.466008,POINT(-118.466008 33.979615)
82702,31 WASHINGTON BLVD,33.979681,-118.465899,POINT(-118.465899 33.979681)
82703,31 WASHINGTON BLVD,33.979664,-118.465927,POINT(-118.465927 33.979664)
C467,3100 FIGUEROA ST,34.023763,-118.278645,POINT(-118.278645 34.023763)
C466C,3100 FIGUEROA ST,34.023715,-118.278677,POINT(-118.278677 34.023715)
C465,3100 FIGUEROA ST,34.023274,-118.278959,POINT(-118.278959 34.023274)
C466B,3100 FIGUEROA ST,34.023659,-118.27871,POINT(-118.27871 34.023659)
C1153,3100 HOOVER ST,34.026147,-118.28383,POINT(-118.28383 34.026147)
C1155,3100 HOOVER ST,34.026544,-118.283833,POINT(-118.283833 34.026544)
C1154,3100 HOOVER ST,34.026485,-118.283833,POINT(-118.283833 34.026485)
C1189,3100 MCCLINTOCK AVE,34.025566,-118.286601,POINT(-118.286601 34.025566)
C1194,3100 MCCLINTOCK AVE,34.025823,-118.286378,POINT(-118.286378 34.025823)
C1195,3100 MCCLINTOCK AVE,34.025885,-118.286323,POINT(-118.286323 34.025885)
C1190,3100 MCCLINTOCK AVE,34.025614,-118.286561,POINT(-118.286561 34.025614)
C1188,3100 MCCLINTOCK AVE,34.025503,-118.286653,POINT(-118.286653 34.025503)
C1192,3100 MCCLINTOCK AVE,34.025718,-118.286471,POINT(-118.286471 34.025718)
C1193,3100 MCCLINTOCK AVE,34.025777,-118.286418,POINT(-118.286418 34.025777)
WP175,3100 STRONGS DR,33.979903,-118.464185,POINT(-118.464185 33.979903)
WP179,3100 STRONGS DR,33.980079,-118.464424,POINT(-118.464424 33.980079)
WP176,3100 STRONGS DR,33.979941,-118.464237,POINT(-118.464237 33.979941)
WP177,3100 STRONGS DR,33.979992,-118.464306,POINT(-118.464306 33.979992)
WP178,3100 STRONGS DR,33.980023,-118.464348,POINT(-118.464348 33.980023)
WP180,3100 STRONGS DR,33.980112,-118.464469,POINT(-118.464469 33.980112)
C1004,3100 VERMONT AVE,34.02626,-118.291404,POINT(-118.291404 34.02626)
WP94,3100 VIA DOLCE,33.980564,-118.462924,POINT(-118.462924 33.980564)
WP95,3100 VIA DOLCE,33.980672,-118.463023,POINT(-118.463023 33.980672)
WP96,3100 VIA DOLCE,33.980845,-118.463174,POINT(-118.463174 33.980845)
WP97,3100 VIA DOLCE,33.980888,-118.463211,POINT(-118.463211 33.980888)
C556,3101 FIGUEROA ST,34.023989,-118.278823,POINT(-118.278823 34.023989)
C555,3101 FIGUEROA ST,34.024036,-118.278793,POINT(-118.278793 34.024036)
C1169,3101 HOOVER ST,34.026567,-118.284107,POINT(-118.284107 34.026567)
C1168,3101 HOOVER ST,34.026632,-118.284107,POINT(-118.284107 34.026632)
C1167,3101 HOOVER ST,34.026701,-118.284106,POINT(-118.284106 34.026701)
C1170,3101 HOOVER ST,34.026241,-118.284106,POINT(-118.284106 34.026241)
C1171,3101 HOOVER ST,34.026182,-118.284106,POINT(-118.284106 34.026182)
WP171,3101 STRONGS DR,33.980076,-118.464587,POINT(-118.464587 33.980076)
WP172,3101 STRONGS DR,33.980039,-118.464538,POINT(-118.464538 33.980039)
C65,3101 VERMONT AVE,34.026133,-118.291682,POINT(-118.291682 34.026133)
C64,3101 VERMONT AVE,34.026187,-118.291682,POINT(-118.291682 34.026187)
WP78B,3101 VIA DOLCE,33.980568,-118.463212,POINT(-118.463212 33.980568)
C464A,3200 FIGUEROA ST,34.023211,-118.279,POINT(-118.279 34.023211)
C464,3200 FIGUEROA ST,34.023172,-118.279024,POINT(-118.279024 34.023172)
C1148,3200 HOOVER ST,34.025853,-118.283825,POINT(-118.283825 34.025853)
C1151,3200 HOOVER ST,34.026024,-118.283828,POINT(-118.283828 34.026024)
C1147,3200 HOOVER ST,34.025779,-118.283823,POINT(-118.283823 34.025779)
C1150,3200 HOOVER ST,34.025969,-118.283827,POINT(-118.283827 34.025969)
C1149,3200 HOOVER ST,34.0259,-118.283825,POINT(-118.283825 34.0259)
C1152,3200 HOOVER ST,34.026096,-118.283829,POINT(-118.283829 34.026096)
WP91,3200 VIA DOLCE,33.980415,-118.462795,POINT(-118.462795 33.980415)
WP89,3200 VIA DOLCE,33.980308,-118.462701,POINT(-118.462701 33.980308)
C567,3201 FIGUEROA ST,34.02298,-118.279466,POINT(-118.279466 34.02298)
C562,3201 FIGUEROA ST,34.023248,-118.279291,POINT(-118.279291 34.023248)
C565,3201 FIGUEROA ST,34.023092,-118.279394,POINT(-118.279394 34.023092)
C569,3201 FIGUEROA ST,34.022817,-118.279571,POINT(-118.279571 34.022817)
C568,3201 FIGUEROA ST,34.022862,-118.279542,POINT(-118.279542 34.022862)
C564,3201 FIGUEROA ST,34.023141,-118.279363,POINT(-118.279363 34.023141)
C566,3201 FIGUEROA ST,34.023025,-118.279437,POINT(-118.279437 34.023025)
C563,3201 FIGUEROA ST,34.023205,-118.279319,POINT(-118.279319 34.023205)
C561,3201 FIGUEROA ST,34.023315,-118.279252,POINT(-118.279252 34.023315)
C560A,3201 FIGUEROA ST,34.023394,-118.27922,POINT(-118.27922 34.023394)
C1172,3201 HOOVER ST,34.026103,-118.284104,POINT(-118.284104 34.026103)
C1177,3201 HOOVER ST,34.025792,-118.284099,POINT(-118.284099 34.025792)
C1173,3201 HOOVER ST,34.026051,-118.284103,POINT(-118.284103 34.026051)
C66,3201 VERMONT AVE,34.026062,-118.291681,POINT(-118.291681 34.026062)
C66A,3201 VERMONT AVE,34.026011,-118.291681,POINT(-118.291681 34.026011)
C1134,3300 HOOVER ST,34.024755,-118.283695,POINT(-118.283695 34.024755)
C1136,3300 HOOVER ST,34.024889,-118.283716,POINT(-118.283716 34.024889)
C1135,3300 HOOVER ST,34.024828,-118.283706,POINT(-118.283706 34.024828)
C1133,3300 HOOVER ST,34.024586,-118.283666,POINT(-118.283666 34.024586)
C1126,3300 HOOVER ST,34.02404,-118.283694,POINT(-118.283694 34.02404)
C1132,3300 HOOVER ST,34.024429,-118.283643,POINT(-118.283643 34.024429)
C1127,3300 HOOVER ST,34.024113,-118.283671,POINT(-118.283671 34.024113)
C1125,3300 HOOVER ST,34.023988,-118.283714,POINT(-118.283714 34.023988)
C1182,3301 HOOVER ST,34.024805,-118.283981,POINT(-118.283981 34.024805)
C1181,3301 HOOVER ST,34.02486,-118.28399,POINT(-118.28399 34.02486)
C1179,3301 HOOVER ST,34.02499,-118.284013,POINT(-118.284013 34.02499)
C1178,3301 HOOVER ST,34.025065,-118.284025,POINT(-118.284025 34.025065)
C989,3400 VERMONT AVE,34.024504,-118.291405,POINT(-118.291405 34.024504)
C995,3400 VERMONT AVE,34.024892,-118.291403,POINT(-118.291403 34.024892)
C990,3400 VERMONT AVE,34.024582,-118.291405,POINT(-118.291405 34.024582)
C996,3400 VERMONT AVE,34.02497,-118.291403,POINT(-118.291403 34.02497)
C994,3400 VERMONT AVE,34.024839,-118.291403,POINT(-118.291403 34.024839)
C997,3400 VERMONT AVE,34.025045,-118.291408,POINT(-118.291408 34.025045)
C988,3400 VERMONT AVE,34.024448,-118.291405,POINT(-118.291405 34.024448)
C1275,3401 FIGUEROA ST,34.019548,-118.281671,POINT(-118.281671 34.019548)
C1271,3401 FIGUEROA ST,34.019879,-118.281448,POINT(-118.281448 34.019879)
C1277,3401 FIGUEROA ST,34.019403,-118.281758,POINT(-118.281758 34.019403)
C1276,3401 FIGUEROA ST,34.019491,-118.281703,POINT(-118.281703 34.019491)
C1278,3401 FIGUEROA ST,34.019344,-118.281798,POINT(-118.281798 34.019344)
C1273,3401 FIGUEROA ST,34.019774,-118.281523,POINT(-118.281523 34.019774)
C1272,3401 FIGUEROA ST,34.01984,-118.281483,POINT(-118.281483 34.01984)
C100,3401 VERMONT AVE,34.024711,-118.291679,POINT(-118.291679 34.024711)
C99,3401 VERMONT AVE,34.024766,-118.29168,POINT(-118.29168 34.024766)
C98,3401 VERMONT AVE,34.024839,-118.291679,POINT(-118.291679 34.024839)
C106,3401 VERMONT AVE,34.02431,-118.29168,POINT(-118.29168 34.02431)
C97,3401 VERMONT AVE,34.024895,-118.291679,POINT(-118.291679 34.024895)
C96,3401 VERMONT AVE,34.024961,-118.291681,POINT(-118.291681 34.024961)
C104,3401 VERMONT AVE,34.024442,-118.29168,POINT(-118.29168 34.024442)
C103,3401 VERMONT AVE,34.024501,-118.29168,POINT(-118.29168 34.024501)
C101,3401 VERMONT AVE,34.024633,-118.291679,POINT(-118.291679 34.024633)
C102,3401 VERMONT AVE,34.024574,-118.291681,POINT(-118.291681 34.024574)
C105,3401 VERMONT AVE,34.024366,-118.29168,POINT(-118.29168 34.024366)
C414,3500 FIGUEROA ST,34.019281,-118.281508,POINT(-118.281508 34.019281)
C424,3500 FIGUEROA ST,34.019975,-118.281064,POINT(-118.281064 34.019975)
C420,3500 FIGUEROA ST,34.01963,-118.281284,POINT(-118.281284 34.01963)
C419,3500 FIGUEROA ST,34.019583,-118.281316,POINT(-118.281316 34.019583)
C421,3500 FIGUEROA ST,34.019699,-118.281241,POINT(-118.281241 34.019699)
C415,3500 FIGUEROA ST,34.01935,-118.281461,POINT(-118.281461 34.01935)
C427,3500 FIGUEROA ST,34.02014,-118.28096,POINT(-118.28096 34.02014)
C413,3500 FIGUEROA ST,34.019232,-118.281538,POINT(-118.281538 34.019232)
C426,3500 FIGUEROA ST,34.020092,-118.28099,POINT(-118.28099 34.020092)
C416,3500 FIGUEROA ST,34.019396,-118.281433,POINT(-118.281433 34.019396)
C422,3500 FIGUEROA ST,34.01975,-118.281209,POINT(-118.281209 34.01975)
C417,3500 FIGUEROA ST,34.019471,-118.281387,POINT(-118.281387 34.019471)
C987,3500 VERMONT AVE,34.023865,-118.291403,POINT(-118.291403 34.023865)
C978,3500 VERMONT AVE,34.023291,-118.291404,POINT(-118.291404 34.023291)
C982,3500 VERMONT AVE,34.023552,-118.291405,POINT(-118.291405 34.023552)
C983,3500 VERMONT AVE,34.02361,-118.291405,POINT(-118.291405 34.02361)
C979,3500 VERMONT AVE,34.023347,-118.291404,POINT(-118.291404 34.023347)
C980,3500 VERMONT AVE,34.023421,-118.291404,POINT(-118.291404 34.023421)
C986,3500 VERMONT AVE,34.023811,-118.291402,POINT(-118.291402 34.023811)
C985,3500 VERMONT AVE,34.023736,-118.291405,POINT(-118.291405 34.023736)
C981,3500 VERMONT AVE,34.023475,-118.291405,POINT(-118.291405 34.023475)
C108,3501 VERMONT AVE,34.023751,-118.291681,POINT(-118.291681 34.023751)
C107,3501 VERMONT AVE,34.024252,-118.29168,POINT(-118.29168 34.024252)
C110,3501 VERMONT AVE,34.02362,-118.291681,POINT(-118.291681 34.02362)
C111,3501 VERMONT AVE,34.023565,-118.291681,POINT(-118.291681 34.023565)
C113,3501 VERMONT AVE,34.023435,-118.29168,POINT(-118.29168 34.023435)
C109,3501 VERMONT AVE,34.023697,-118.291681,POINT(-118.291681 34.023697)
C112,3501 VERMONT AVE,34.02349,-118.291682,POINT(-118.291682 34.02349)
C974,3600 VERMONT AVE,34.022774,-118.291404,POINT(-118.291404 34.022774)
C970,3600 VERMONT AVE,34.022511,-118.291402,POINT(-118.291402 34.022511)
C972,3600 VERMONT AVE,34.022646,-118.291403,POINT(-118.291403 34.022646)
C973,3600 VERMONT AVE,34.022701,-118.291403,POINT(-118.291403 34.022701)
C971,3600 VERMONT AVE,34.022569,-118.291403,POINT(-118.291403 34.022569)
C977,3600 VERMONT AVE,34.022965,-118.291402,POINT(-118.291402 34.022965)
C975,3600 VERMONT AVE,34.02283,-118.291404,POINT(-118.291404 34.02283)
C976,3600 VERMONT AVE,34.022902,-118.291402,POINT(-118.291402 34.022902)
C144,3601 VERMONT AVE,34.020682,-118.29168,POINT(-118.29168 34.020682)
C129A,3601 VERMONT AVE,34.0224,-118.29168,POINT(-118.29168 34.0224)
C135,3601 VERMONT AVE,34.021347,-118.291682,POINT(-118.291682 34.021347)
C136,3601 VERMONT AVE,34.021293,-118.291682,POINT(-118.291682 34.021293)
C137,3601 VERMONT AVE,34.021213,-118.291682,POINT(-118.291682 34.021213)
C131,3601 VERMONT AVE,34.02228,-118.29168,POINT(-118.29168 34.02228)
C138,3601 VERMONT AVE,34.021163,-118.291681,POINT(-118.291681 34.021163)
C128,3601 VERMONT AVE,34.022685,-118.291678,POINT(-118.291678 34.022685)
C140,3601 VERMONT AVE,34.020944,-118.291681,POINT(-118.291681 34.020944)
C143,3601 VERMONT AVE,34.020753,-118.29168,POINT(-118.29168 34.020753)
C125,3601 VERMONT AVE,34.022868,-118.291679,POINT(-118.291679 34.022868)
C130,3601 VERMONT AVE,34.022334,-118.29168,POINT(-118.29168 34.022334)
C145,3601 VERMONT AVE,34.020625,-118.291679,POINT(-118.291679 34.020625)
C139,3601 VERMONT AVE,34.021087,-118.291681,POINT(-118.291681 34.021087)
C141,3601 VERMONT AVE,34.020891,-118.29168,POINT(-118.29168 34.020891)
C142,3601 VERMONT AVE,34.020814,-118.29168,POINT(-118.29168 34.020814)
C127,3601 VERMONT AVE,34.022736,-118.291679,POINT(-118.291679 34.022736)
C969,3650 VERMONT AVE,34.021768,-118.291403,POINT(-118.291403 34.021768)
C951,3650 VERMONT AVE,34.020561,-118.291402,POINT(-118.291402 34.020561)
C952,3650 VERMONT AVE,34.020609,-118.291402,POINT(-118.291402 34.020609)
C957,3650 VERMONT AVE,34.020941,-118.291404,POINT(-118.291404 34.020941)
C966,3650 VERMONT AVE,34.021582,-118.291404,POINT(-118.291404 34.021582)
C968,3650 VERMONT AVE,34.02171,-118.291404,POINT(-118.291404 34.02171)
C953,3650 VERMONT AVE,34.020683,-118.291402,POINT(-118.291402 34.020683)
C954,3650 VERMONT AVE,34.020736,-118.291402,POINT(-118.291402 34.020736)
C962,3650 VERMONT AVE,34.02132,-118.291402,POINT(-118.291402 34.02132)
C959,3650 VERMONT AVE,34.021067,-118.291403,POINT(-118.291403 34.021067)
C958,3650 VERMONT AVE,34.020993,-118.291403,POINT(-118.291403 34.020993)
C956,3650 VERMONT AVE,34.020873,-118.291403,POINT(-118.291403 34.020873)
C955,3650 VERMONT AVE,34.020815,-118.291403,POINT(-118.291403 34.020815)
C967,3650 VERMONT AVE,34.021634,-118.291404,POINT(-118.291404 34.021634)
C963,3650 VERMONT AVE,34.02137,-118.291402,POINT(-118.291402 34.02137)
C964,3650 VERMONT AVE,34.02145,-118.291403,POINT(-118.291403 34.02145)
C961,3650 VERMONT AVE,34.021246,-118.291402,POINT(-118.291402 34.021246)
C965,3650 VERMONT AVE,34.021506,-118.291404,POINT(-118.291404 34.021506)
C133,3651 VERMONT AVE,34.021569,-118.291672,POINT(-118.291672 34.021569)
C293,3700 FLOWER ST,34.016599,-118.281899,POINT(-118.281899 34.016599)
C293A,3700 FLOWER ST,34.016647,-118.281862,POINT(-118.281862 34.016647)
C294,3700 FLOWER ST,34.016782,-118.281756,POINT(-118.281756 34.016782)
C295,3700 FLOWER ST,34.01684,-118.281711,POINT(-118.281711 34.01684)
C942,3700 VERMONT AVE,34.019504,-118.291405,POINT(-118.291405 34.019504)
C950,3700 VERMONT AVE,34.020478,-118.291401,POINT(-118.291401 34.020478)
C935,3700 VERMONT AVE,34.019055,-118.291402,POINT(-118.291402 34.019055)
C934,3700 VERMONT AVE,34.018982,-118.291402,POINT(-118.291402 34.018982)
C936,3700 VERMONT AVE,34.01911,-118.291402,POINT(-118.291402 34.01911)
C938,3700 VERMONT AVE,34.019243,-118.291403,POINT(-118.291403 34.019243)
C940,3700 VERMONT AVE,34.019373,-118.291406,POINT(-118.291406 34.019373)
C944,3700 VERMONT AVE,34.019632,-118.291406,POINT(-118.291406 34.019632)
C948,3700 VERMONT AVE,34.02035,-118.291401,POINT(-118.291401 34.02035)
C941,3700 VERMONT AVE,34.019449,-118.291405,POINT(-118.291405 34.019449)
C947,3700 VERMONT AVE,34.020293,-118.291401,POINT(-118.291401 34.020293)
C939,3700 VERMONT AVE,34.019318,-118.291405,POINT(-118.291405 34.019318)
C949,3700 VERMONT AVE,34.020423,-118.291401,POINT(-118.291401 34.020423)
C380D,3701 FLOWER ST,34.016467,-118.282256,POINT(-118.282256 34.016467)
C381,3701 FLOWER ST,34.016413,-118.282298,POINT(-118.282298 34.016413)
C381A,3701 FLOWER ST,34.016362,-118.282338,POINT(-118.282338 34.016362)
C381C,3701 FLOWER ST,34.01626,-118.282417,POINT(-118.282417 34.01626)
C379C,3701 FLOWER ST,34.016731,-118.282047,POINT(-118.282047 34.016731)
C380C,3701 FLOWER ST,34.016515,-118.282216,POINT(-118.282216 34.016515)
C380,3701 FLOWER ST,34.016685,-118.282084,POINT(-118.282084 34.016685)
C380B,3701 FLOWER ST,34.016578,-118.282167,POINT(-118.282167 34.016578)
C380A,3701 FLOWER ST,34.016625,-118.282131,POINT(-118.282131 34.016625)
C379,3701 FLOWER ST,34.017,-118.281837,POINT(-118.281837 34.017)
C379A,3701 FLOWER ST,34.016954,-118.281872,POINT(-118.281872 34.016954)
C381B,3701 FLOWER ST,34.016306,-118.282381,POINT(-118.282381 34.016306)
C379B,3701 FLOWER ST,34.016894,-118.28192,POINT(-118.28192 34.016894)
C151,3701 VERMONT AVE,34.020231,-118.291679,POINT(-118.291679 34.020231)
C154,3701 VERMONT AVE,34.019475,-118.29168,POINT(-118.29168 34.019475)
C155,3701 VERMONT AVE,34.019394,-118.291678,POINT(-118.291678 34.019394)
C159,3701 VERMONT AVE,34.01914,-118.291679,POINT(-118.291679 34.01914)
C156,3701 VERMONT AVE,34.019337,-118.291677,POINT(-118.291677 34.019337)
C158,3701 VERMONT AVE,34.019208,-118.291677,POINT(-118.291677 34.019208)
C152,3701 VERMONT AVE,34.020155,-118.291679,POINT(-118.291679 34.020155)
C157,3701 VERMONT AVE,34.019265,-118.291677,POINT(-118.291677 34.019265)
61431,40 WINDWARD AVE,33.987257,-118.472842,POINT(-118.472842 33.987257)
61429,40 WINDWARD AVE,33.987224,-118.472895,POINT(-118.472895 33.987224)
61432,40 WINDWARD AVE,33.987273,-118.472816,POINT(-118.472816 33.987273)
61430,40 WINDWARD AVE,33.98724,-118.472869,POINT(-118.472869 33.98724)
61433,40 WINDWARD AVE,33.98729,-118.472789,POINT(-118.472789 33.98729)
CB2116,400 11TH ST,34.036732,-118.254625,POINT(-118.254625 34.036732)
CB3446,400 11TH ST,34.041687,-118.262298,POINT(-118.262298 34.041687)
CB3447,400 11TH ST,34.041731,-118.262369,POINT(-118.262369 34.041731)
CB3448,400 11TH ST,34.041762,-118.262417,POINT(-118.262417 34.041762)
CB2115A,400 11TH ST,34.036882,-118.254852,POINT(-118.254852 34.036882)
CB3449,400 11TH ST,34.041813,-118.262494,POINT(-118.262494 34.041813)
CB3445,400 11TH ST,34.041654,-118.26225,POINT(-118.26225 34.041654)
CB2092,400 12TH ST,34.035455,-118.256169,POINT(-118.256169 34.035455)
CB3490,400 12TH ST,34.040535,-118.264031,POINT(-118.264031 34.040535)
CB3492,400 12TH ST,34.04003,-118.263016,POINT(-118.263016 34.04003)
CB3491B,400 12TH ST,34.040342,-118.263734,POINT(-118.263734 34.040342)
CB4199,400 15TH ST,34.032105,-118.258234,POINT(-118.258234 34.032105)
CB4201,400 15TH ST,34.032038,-118.258102,POINT(-118.258102 34.032038)
CB4200,400 15TH ST,34.032078,-118.25818,POINT(-118.25818 34.032078)
C395,400 37TH PL,34.017397,-118.282393,POINT(-118.282393 34.017397)
C396,400 37TH PL,34.017306,-118.282189,POINT(-118.282189 34.017306)
C397,400 37TH PL,34.017278,-118.282127,POINT(-118.282127 34.017278)
C398,400 37TH PL,34.017243,-118.282051,POINT(-118.282051 34.017243)
C400,400 37TH PL,34.017186,-118.281918,POINT(-118.281918 34.017186)
C399,400 37TH PL,34.01722,-118.281996,POINT(-118.281996 34.01722)
LT236,400 3RD ST,34.0465,-118.240825,POINT(-118.240825 34.0465)
SP666,400 6TH ST,33.738815,-118.285985,POINT(-118.285985 33.738815)
SP668,400 6TH ST,33.738816,-118.286148,POINT(-118.286148 33.738816)
SP672,400 6TH ST,33.738818,-118.286454,POINT(-118.286454 33.738818)
SP670,400 6TH ST,33.738816,-118.286302,POINT(-118.286302 33.738816)
SP676,400 6TH ST,33.738818,-118.286767,POINT(-118.286767 33.738818)
SP675,400 6TH ST,33.738818,-118.286706,POINT(-118.286706 33.738818)
SP674,400 6TH ST,33.738817,-118.28662,POINT(-118.28662 33.738817)
SP682,400 6TH ST,33.73882,-118.287655,POINT(-118.287655 33.73882)
SP681,400 6TH ST,33.73882,-118.287565,POINT(-118.287565 33.73882)
SP540,400 7TH ST,33.737915,-118.286092,POINT(-118.286092 33.737915)
SP541,400 7TH ST,33.737917,-118.286259,POINT(-118.286259 33.737917)
SP542,400 7TH ST,33.737917,-118.28632,POINT(-118.28632 33.737917)
SP544,400 7TH ST,33.737919,-118.286631,POINT(-118.286631 33.737919)
SP543,400 7TH ST,33.737917,-118.286406,POINT(-118.286406 33.737917)
SP546,400 7TH ST,33.73792,-118.287097,POINT(-118.287097 33.73792)
SP549,400 7TH ST,33.737921,-118.287324,POINT(-118.287324 33.737921)
SP305,400 8TH ST,33.737007,-118.287589,POINT(-118.287589 33.737007)
SP306,400 8TH ST,33.737007,-118.287659,POINT(-118.287659 33.737007)
CB2609A,400 8TH ST,34.040247,-118.250655,POINT(-118.250655 34.040247)
CB3349,400 9TH ST,34.039093,-118.25242,POINT(-118.25242 34.039093)
CB3308,400 9TH ST,34.044042,-118.258847,POINT(-118.258847 34.044042)
CB3310,400 9TH ST,34.043969,-118.258732,POINT(-118.258732 34.043969)
CB3351A,400 9TH ST,34.038865,-118.252172,POINT(-118.252172 34.038865)
LT328,400 BOYD ST,34.046157,-118.242092,POINT(-118.242092 34.046157)
LT325,400 BOYD ST,34.046391,-118.242471,POINT(-118.242471 34.046391)
LT329,400 BOYD ST,34.046083,-118.241974,POINT(-118.241974 34.046083)
CC701,400 CESAR E CHAVEZ AVE,34.05898,-118.241274,POINT(-118.241274 34.05898)
AE473,400 GAREY ST,34.051868,-118.234188,POINT(-118.234188 34.051868)
AE474,400 GAREY ST,34.05198,-118.234165,POINT(-118.234165 34.05198)
AE471,400 GAREY ST,34.051809,-118.234198,POINT(-118.234198 34.051809)
AE472,400 GAREY ST,34.051925,-118.234176,POINT(-118.234176 34.051925)
AE470,400 GAREY ST,34.051695,-118.234221,POINT(-118.234221 34.051695)
AE468,400 GAREY ST,34.051639,-118.234232,POINT(-118.234232 34.051639)
CB3920,400 HILL ST,34.049535,-118.250949,POINT(-118.250949 34.049535)
CB3802,400 LOS ANGELES ST,34.046966,-118.246421,POINT(-118.246421 34.046966)
CB3728A,400 MAIN ST,34.046908,-118.248233,POINT(-118.248233 34.046908)
CB3728,400 MAIN ST,34.046826,-118.248297,POINT(-118.248297 34.046826)
CB3730A,400 MAIN ST,34.047053,-118.248087,POINT(-118.248087 34.047053)
CB3730,400 MAIN ST,34.047014,-118.248124,POINT(-118.248124 34.047014)
CB3733A,400 MAIN ST,34.047263,-118.24792,POINT(-118.24792 34.047263)
CB3729A,400 MAIN ST,34.047025,-118.248126,POINT(-118.248126 34.047025)
CB3733,400 MAIN ST,34.047216,-118.247936,POINT(-118.247936 34.047216)
CB3735,400 MAIN ST,34.047811,-118.24738,POINT(-118.24738 34.047811)
CB4533,400 OLIVE ST,34.050018,-118.252241,POINT(-118.252241 34.050018)
CB4531,400 OLIVE ST,34.049882,-118.252357,POINT(-118.252357 34.049882)
CB4535,400 OLIVE ST,34.050295,-118.251978,POINT(-118.251978 34.050295)
CB635A,400 OLYMPIC BLVD,34.037699,-118.253345,POINT(-118.253345 34.037699)
CB634A,400 OLYMPIC BLVD,34.037787,-118.253456,POINT(-118.253456 34.037787)
CB634,400 OLYMPIC BLVD,34.037833,-118.253513,POINT(-118.253513 34.037833)
CB633A,400 OLYMPIC BLVD,34.038036,-118.253788,POINT(-118.253788 34.038036)
CB2749,400 OLYMPIC BLVD,34.042702,-118.260392,POINT(-118.260392 34.042702)
CB2748A,400 OLYMPIC BLVD,34.042743,-118.260456,POINT(-118.260456 34.042743)
CB2750A,400 OLYMPIC BLVD,34.042606,-118.260246,POINT(-118.260246 34.042606)
CB2749A,400 OLYMPIC BLVD,34.042675,-118.260349,POINT(-118.260349 34.042675)
CB172,400 PICO BLVD,34.039129,-118.265006,POINT(-118.265006 34.039129)
CB174,400 PICO BLVD,34.039064,-118.264862,POINT(-118.264862 34.039064)
CB171,400 PICO BLVD,34.039152,-118.265059,POINT(-118.265059 34.039152)
CB170,400 PICO BLVD,34.03919,-118.265145,POINT(-118.265145 34.03919)
CB2253,400 PICO BLVD,34.033836,-118.256046,POINT(-118.256046 34.033836)
CB173,400 PICO BLVD,34.039088,-118.264915,POINT(-118.264915 34.039088)
CB175,400 PICO BLVD,34.039026,-118.264779,POINT(-118.264779 34.039026)
CB2254,400 PICO BLVD,34.033796,-118.255972,POINT(-118.255972 34.033796)
CB2255,400 PICO BLVD,34.033764,-118.255916,POINT(-118.255916 34.033764)
CB4342,400 SPRING ST,34.048602,-118.248384,POINT(-118.248384 34.048602)
CB4343,400 SPRING ST,34.048548,-118.248436,POINT(-118.248436 34.048548)
CB4344,400 SPRING ST,34.04851,-118.24847,POINT(-118.24847 34.04851)
AE409,400 VIGNES ST,34.051541,-118.233238,POINT(-118.233238 34.051541)
AE410,400 VIGNES ST,34.051597,-118.233227,POINT(-118.233227 34.051597)
AE408,400 VIGNES ST,34.051483,-118.233249,POINT(-118.233249 34.051483)
CB3931A,400 WALL ST,34.045135,-118.245484,POINT(-118.245484 34.045135)
CB3811,400 WALL ST,34.045687,-118.24504,POINT(-118.24504 34.045687)
CB3813,400 WALL ST,34.045909,-118.244909,POINT(-118.244909 34.045909)
CB3812,400 WALL ST,34.045863,-118.244936,POINT(-118.244936 34.045863)
CB3936,400 WALL ST,34.045384,-118.24525,POINT(-118.24525 34.045384)
CB3930A,400 WALL ST,34.045051,-118.245561,POINT(-118.245561 34.045051)
CB3930,400 WALL ST,34.045013,-118.245596,POINT(-118.245596 34.045013)
CB3932,400 WALL ST,34.045185,-118.245438,POINT(-118.245438 34.045185)
CB3934,400 WALL ST,34.045286,-118.245343,POINT(-118.245343 34.045286)
CB3931,400 WALL ST,34.045094,-118.245521,POINT(-118.245521 34.045094)
WP113,400 WASHINGTON BLVD,33.981996,-118.461783,POINT(-118.461783 33.981996)
WP106,400 WASHINGTON BLVD,33.981657,-118.462316,POINT(-118.462316 33.981657)
WP107,400 WASHINGTON BLVD,33.981708,-118.462238,POINT(-118.462238 33.981708)
WP111,400 WASHINGTON BLVD,33.981866,-118.461988,POINT(-118.461988 33.981866)
WP108,400 WASHINGTON BLVD,33.98174,-118.462186,POINT(-118.462186 33.98174)
WP104,400 WASHINGTON BLVD,33.981576,-118.462441,POINT(-118.462441 33.981576)
WP103,400 WASHINGTON BLVD,33.981472,-118.462604,POINT(-118.462604 33.981472)
WP110,400 WASHINGTON BLVD,33.981818,-118.462063,POINT(-118.462063 33.981818)
WP102,400 WASHINGTON BLVD,33.981388,-118.462736,POINT(-118.462736 33.981388)
WP99,400 WASHINGTON BLVD,33.981268,-118.462929,POINT(-118.462929 33.981268)
WP105,400 WASHINGTON BLVD,33.981624,-118.462369,POINT(-118.462369 33.981624)
WP101,400 WASHINGTON BLVD,33.981346,-118.462806,POINT(-118.462806 33.981346)
WP100,400 WASHINGTON BLVD,33.981314,-118.462856,POINT(-118.462856 33.981314)
WP98,400 WASHINGTON BLVD,33.981232,-118.462984,POINT(-118.462984 33.981232)
CB2119,401 11TH ST,34.036716,-118.254356,POINT(-118.254356 34.036716)
CB2120,401 11TH ST,34.036763,-118.254429,POINT(-118.254429 34.036763)
CB2099,401 12TH ST,34.03531,-118.255704,POINT(-118.255704 34.03531)
CB2097,401 12TH ST,34.035508,-118.256014,POINT(-118.256014 34.035508)
CB2101,401 12TH ST,34.03523,-118.255578,POINT(-118.255578 34.03523)
CB2102,401 12TH ST,34.035183,-118.255506,POINT(-118.255506 34.035183)
CB2100,401 12TH ST,34.035263,-118.255629,POINT(-118.255629 34.035263)
CB2098,401 12TH ST,34.035477,-118.255965,POINT(-118.255965 34.035477)
C410,401 37TH PL,34.017552,-118.282477,POINT(-118.282477 34.017552)
C408,401 37TH PL,34.017489,-118.282338,POINT(-118.282338 34.017489)
C405,401 37TH PL,34.01734,-118.281995,POINT(-118.281995 34.01734)
C402,401 37TH PL,34.017261,-118.281819,POINT(-118.281819 34.017261)
C403,401 37TH PL,34.017283,-118.281868,POINT(-118.281868 34.017283)
C407,401 37TH PL,34.017397,-118.282126,POINT(-118.282126 34.017397)
C404,401 37TH PL,34.017316,-118.281942,POINT(-118.281942 34.017316)
C409,401 37TH PL,34.017516,-118.282395,POINT(-118.282395 34.017516)
C406,401 37TH PL,34.017374,-118.282073,POINT(-118.282073 34.017374)
LT291,401 3RD ST,34.046705,-118.240851,POINT(-118.240851 34.046705)
LT287,401 3RD ST,34.046538,-118.240408,POINT(-118.240408 34.046538)
CB2811,401 4TH ST,34.050712,-118.251009,POINT(-118.251009 34.050712)
CB2809,401 4TH ST,34.050787,-118.251123,POINT(-118.251123 34.050787)
CB2815,401 4TH ST,34.050557,-118.250767,POINT(-118.250767 34.050557)
CB2808,401 4TH ST,34.05082,-118.251173,POINT(-118.251173 34.05082)
CB2813,401 4TH ST,34.050635,-118.250889,POINT(-118.250889 34.050635)
SP565,401 6TH ST,33.738701,-118.287039,POINT(-118.287039 33.738701)
SP562,401 6TH ST,33.738702,-118.28729,POINT(-118.28729 33.738702)
SP561,401 6TH ST,33.738702,-118.28736,POINT(-118.28736 33.738702)
SP563,401 6TH ST,33.738701,-118.287194,POINT(-118.287194 33.738701)
SP568,401 6TH ST,33.738699,-118.28658,POINT(-118.28658 33.738699)
SP567,401 6TH ST,33.7387,-118.286655,POINT(-118.286655 33.7387)
SP572,401 6TH ST,33.738698,-118.286264,POINT(-118.286264 33.738698)
SP573,401 6TH ST,33.738697,-118.286169,POINT(-118.286169 33.738697)
SP560A,401 6TH ST,33.738702,-118.28751,POINT(-118.28751 33.738702)
SP560,401 6TH ST,33.738703,-118.2876,POINT(-118.2876 33.738703)
SP559,401 6TH ST,33.738703,-118.287663,POINT(-118.287663 33.738703)
SP322,401 7TH ST,33.737781,-118.28608,POINT(-118.28608 33.737781)
SP320,401 7TH ST,33.737782,-118.286227,POINT(-118.286227 33.737782)
SP312,401 7TH ST,33.737785,-118.287246,POINT(-118.287246 33.737785)
SP317,401 7TH ST,33.737782,-118.286477,POINT(-118.286477 33.737782)
SP318,401 7TH ST,33.737783,-118.286386,POINT(-118.286386 33.737783)
SP316,401 7TH ST,33.737784,-118.286539,POINT(-118.286539 33.737784)
SP311,401 7TH ST,33.737786,-118.287324,POINT(-118.287324 33.737786)
SP319,401 7TH ST,33.737782,-118.28632,POINT(-118.28632 33.737782)
CB2614,401 8TH ST,34.040455,-118.250618,POINT(-118.250618 34.040455)
CB3232B,401 8TH ST,34.044979,-118.256457,POINT(-118.256457 34.044979)
CB3232A,401 8TH ST,34.044953,-118.256421,POINT(-118.256421 34.044953)
CB3228,401 8TH ST,34.044701,-118.256016,POINT(-118.256016 34.044701)
CB2613,401 8TH ST,34.040414,-118.250573,POINT(-118.250573 34.040414)
CB2611,401 8TH ST,34.040319,-118.250471,POINT(-118.250471 34.040319)
SP276,401 8TH ST,33.736887,-118.287646,POINT(-118.287646 33.736887)
SP278,401 8TH ST,33.736887,-118.287486,POINT(-118.287486 33.736887)
SP277,401 8TH ST,33.736887,-118.287556,POINT(-118.287556 33.736887)
CB3299,401 9TH ST,34.044274,-118.258901,POINT(-118.258901 34.044274)
CB3368,401 9TH ST,34.038959,-118.252021,POINT(-118.252021 34.038959)
CB3304,401 9TH ST,34.043966,-118.258423,POINT(-118.258423 34.043966)
CB3299A,401 9TH ST,34.044241,-118.25885,POINT(-118.25885 34.044241)
CB3302,401 9TH ST,34.044043,-118.258544,POINT(-118.258544 34.044043)
CB3301,401 9TH ST,34.044072,-118.258589,POINT(-118.258589 34.044072)
CB3369,401 9TH ST,34.039051,-118.252119,POINT(-118.252119 34.039051)
CB3370,401 9TH ST,34.039088,-118.25216,POINT(-118.25216 34.039088)
CB3368A,401 9TH ST,34.038997,-118.25206,POINT(-118.25206 34.038997)
CB3371,401 9TH ST,34.039143,-118.252219,POINT(-118.252219 34.039143)
CB3298,401 9TH ST,34.044347,-118.259014,POINT(-118.259014 34.044347)
LT490,401 BOYD ST,34.046431,-118.242278,POINT(-118.242278 34.046431)
LT492,401 BOYD ST,34.046507,-118.242399,POINT(-118.242399 34.046507)
LT493,401 BOYD ST,34.046539,-118.24245,POINT(-118.24245 34.046539)
CB4464,401 BROADWAY,34.048684,-118.25024,POINT(-118.25024 34.048684)
CB4460,401 BROADWAY,34.04919,-118.249778,POINT(-118.249778 34.04919)
CB4466,401 BROADWAY,34.048587,-118.250328,POINT(-118.250328 34.048587)
AE610,401 CENTER ST,34.051269,-118.231604,POINT(-118.231604 34.051269)
AE555,401 GAREY ST,34.051525,-118.23438,POINT(-118.23438 34.051525)
AE546,401 GAREY ST,34.052036,-118.234281,POINT(-118.234281 34.052036)
AE553,401 GAREY ST,34.051648,-118.234356,POINT(-118.234356 34.051648)
AE559,401 GAREY ST,34.051304,-118.234421,POINT(-118.234421 34.051304)
AE548,401 GAREY ST,34.051923,-118.234304,POINT(-118.234304 34.051923)
AE547,401 GAREY ST,34.051974,-118.234294,POINT(-118.234294 34.051974)
AE556,401 GAREY ST,34.051471,-118.234389,POINT(-118.234389 34.051471)
CC632,401 HILL ST,34.057316,-118.243274,POINT(-118.243274 34.057316)
CB3741,401 LOS ANGELES ST,34.046484,-118.24728,POINT(-118.24728 34.046484)
CB3738,401 LOS ANGELES ST,34.047137,-118.246507,POINT(-118.246507 34.047137)
CB3739A,401 LOS ANGELES ST,34.04658,-118.247192,POINT(-118.247192 34.04658)
CB3737,401 LOS ANGELES ST,34.047172,-118.246458,POINT(-118.246458 34.047172)
CB3726,401 MAIN ST,34.047967,-118.247456,POINT(-118.247456 34.047967)
CB3727,401 MAIN ST,34.048008,-118.247419,POINT(-118.247419 34.048008)
CB674,401 OLYMPIC BLVD,34.038174,-118.253703,POINT(-118.253703 34.038174)
CB669,401 OLYMPIC BLVD,34.03787,-118.253329,POINT(-118.253329 34.03787)
CB667,401 OLYMPIC BLVD,34.037786,-118.253219,POINT(-118.253219 34.037786)
CB668,401 OLYMPIC BLVD,34.037836,-118.253284,POINT(-118.253284 34.037836)
CB671,401 OLYMPIC BLVD,34.037958,-118.253439,POINT(-118.253439 34.037958)
CB673,401 OLYMPIC BLVD,34.038123,-118.253638,POINT(-118.253638 34.038123)
CB1336,401 PICO BLVD,34.039174,-118.264755,POINT(-118.264755 34.039174)
CB1339,401 PICO BLVD,34.039324,-118.265084,POINT(-118.265084 34.039324)
CB3646,401 SPRING ST,34.047912,-118.249268,POINT(-118.249268 34.047912)
CB3646A,401 SPRING ST,34.04787,-118.249308,POINT(-118.249308 34.04787)
AE442,401 VIGNES ST,34.051582,-118.233374,POINT(-118.233374 34.051582)
AE440,401 VIGNES ST,34.051697,-118.233353,POINT(-118.233353 34.051697)
AE439,401 VIGNES ST,34.051747,-118.233343,POINT(-118.233343 34.051747)
AE443,401 VIGNES ST,34.051526,-118.233385,POINT(-118.233385 34.051526)
AE445,401 VIGNES ST,34.051412,-118.233406,POINT(-118.233406 34.051412)
AE441,401 VIGNES ST,34.051639,-118.233362,POINT(-118.233362 34.051639)
AE438,401 VIGNES ST,34.05181,-118.233332,POINT(-118.233332 34.05181)
AE447,401 VIGNES ST,34.0513,-118.233429,POINT(-118.233429 34.0513)
AE446,401 VIGNES ST,34.051356,-118.233417,POINT(-118.233417 34.051356)
CB3807,401 WALL ST,34.046014,-118.245008,POINT(-118.245008 34.046014)
CB3808,401 WALL ST,34.045946,-118.245048,POINT(-118.245048 34.045946)
WP149,401 WASHINGTON BLVD,33.981877,-118.462419,POINT(-118.462419 33.981877)
WP135,401 WASHINGTON BLVD,33.982388,-118.461614,POINT(-118.461614 33.982388)
WP150,401 WASHINGTON BLVD,33.981843,-118.46247,POINT(-118.46247 33.981843)
WP137,401 WASHINGTON BLVD,33.982304,-118.461747,POINT(-118.461747 33.982304)
WP145,401 WASHINGTON BLVD,33.982039,-118.462163,POINT(-118.462163 33.982039)
WP152,401 WASHINGTON BLVD,33.981763,-118.462596,POINT(-118.462596 33.981763)
WP148,401 WASHINGTON BLVD,33.981922,-118.462347,POINT(-118.462347 33.981922)
WP147,401 WASHINGTON BLVD,33.981955,-118.462294,POINT(-118.462294 33.981955)
WP151,401 WASHINGTON BLVD,33.9818,-118.46254,POINT(-118.46254 33.9818)
WP146,401 WASHINGTON BLVD,33.982005,-118.462218,POINT(-118.462218 33.982005)
WP156,401 WASHINGTON BLVD,33.981447,-118.463091,POINT(-118.463091 33.981447)
WP155,401 WASHINGTON BLVD,33.981495,-118.463019,POINT(-118.463019 33.981495)
WP159,401 WASHINGTON BLVD,33.98134,-118.463264,POINT(-118.463264 33.98134)
WP154,401 WASHINGTON BLVD,33.981529,-118.462964,POINT(-118.462964 33.981529)
61407,46 MARKET ST,33.987929,-118.473316,POINT(-118.473316 33.987929)
61408,46 MARKET ST,33.987891,-118.473372,POINT(-118.473372 33.987891)
61409,46 MARKET ST,33.987842,-118.473444,POINT(-118.473444 33.987842)
61410,46 MARKET ST,33.987808,-118.473497,POINT(-118.473497 33.987808)
CB4064,500 11TH ST,34.036281,-118.253912,POINT(-118.253912 34.036281)
CB4065A,500 11TH ST,34.036173,-118.253744,POINT(-118.253744 34.036173)
CB4064A,500 11TH ST,34.036247,-118.253861,POINT(-118.253861 34.036247)
CB4066A,500 11TH ST,34.035981,-118.253454,POINT(-118.253454 34.035981)
CB2170,500 12TH ST,34.034596,-118.254838,POINT(-118.254838 34.034596)
CB2167,500 12TH ST,34.034762,-118.255086,POINT(-118.255086 34.034762)
CB2168,500 12TH ST,34.034731,-118.255037,POINT(-118.255037 34.034731)
CB2166,500 12TH ST,34.034806,-118.255154,POINT(-118.255154 34.034806)
CB3475A,500 12TH ST,34.040959,-118.264616,POINT(-118.264616 34.040959)
CB4212,500 15TH ST,34.031435,-118.256926,POINT(-118.256926 34.031435)
C487,500 28TH ST,34.02637,-118.276784,POINT(-118.276784 34.02637)
C494,500 28TH ST,34.026066,-118.276104,POINT(-118.276104 34.026066)
C491,500 28TH ST,34.026199,-118.276403,POINT(-118.276403 34.026199)
C490,500 28TH ST,34.026274,-118.27657,POINT(-118.27657 34.026274)
C490A,500 28TH ST,34.02625,-118.276518,POINT(-118.276518 34.02625)
C488,500 28TH ST,34.026335,-118.276705,POINT(-118.276705 34.026335)
CB3109,500 6TH ST,34.048237,-118.254624,POINT(-118.254624 34.048237)
SP82,500 7TH ST,33.737925,-118.288465,POINT(-118.288465 33.737925)
SP81,500 7TH ST,33.737925,-118.28837,POINT(-118.28837 33.737925)
SP80,500 7TH ST,33.737924,-118.288307,POINT(-118.288307 33.737924)
SP79A,500 7TH ST,33.737924,-118.288156,POINT(-118.288156 33.737924)
SP83,500 7TH ST,33.737926,-118.288725,POINT(-118.288725 33.737926)
CB3250A,500 8TH ST,34.045381,-118.257342,POINT(-118.257342 34.045381)
CB3249,500 8TH ST,34.045478,-118.257488,POINT(-118.257488 34.045478)
SP116,500 8TH ST,33.737009,-118.288162,POINT(-118.288162 33.737009)
CB3254,500 8TH ST,34.045539,-118.257588,POINT(-118.257588 34.045539)
SP117,500 8TH ST,33.73701,-118.288229,POINT(-118.288229 33.73701)
CB3253,500 8TH ST,34.045504,-118.257532,POINT(-118.257532 34.045504)
CB3869,500 9TH ST,34.044847,-118.260144,POINT(-118.260144 34.044847)
CB3356A,500 9TH ST,34.038203,-118.251446,POINT(-118.251446 34.038203)
CB3871,500 9TH ST,34.044761,-118.260017,POINT(-118.260017 34.044761)
CT361,500 ALPINE ST,34.062936,-118.240251,POINT(-118.240251 34.062936)
SP629,500 CENTRE ST,33.738925,-118.283408,POINT(-118.283408 33.738925)
SP633,500 CENTRE ST,33.739433,-118.283386,POINT(-118.283386 33.739433)
SP631,500 CENTRE ST,33.7393,-118.283385,POINT(-118.283385 33.7393)
SP632,500 CENTRE ST,33.739357,-118.283386,POINT(-118.283386 33.739357)
SP630,500 CENTRE ST,33.738979,-118.283413,POINT(-118.283413 33.738979)
CC1140,500 CESAR E CHAVEZ AVE,34.059247,-118.241748,POINT(-118.241748 34.059247)
CB2598,500 FREMONT AVE,34.052217,-118.258415,POINT(-118.258415 34.052217)
CB2602,500 FREMONT AVE,34.052423,-118.258222,POINT(-118.258222 34.052423)
CB2601,500 FREMONT AVE,34.052359,-118.258281,POINT(-118.258281 34.052359)
CB2599,500 FREMONT AVE,34.052264,-118.258371,POINT(-118.258371 34.052264)
CB3789,500 LOS ANGELES ST,34.045647,-118.247841,POINT(-118.247841 34.045647)
CB3719A,500 MAIN ST,34.046047,-118.249015,POINT(-118.249015 34.046047)
CB3721,500 MAIN ST,34.046191,-118.248879,POINT(-118.248879 34.046191)
CB3717A,500 MAIN ST,34.045608,-118.249491,POINT(-118.249491 34.045608)
CB3718,500 MAIN ST,34.045663,-118.249439,POINT(-118.249439 34.045663)
SP655,500 MESA ST,33.739214,-118.285631,POINT(-118.285631 33.739214)
SP657,500 MESA ST,33.73943,-118.285631,POINT(-118.285631 33.73943)
SP654,500 MESA ST,33.73907,-118.28563,POINT(-118.28563 33.73907)
SP652,500 MESA ST,33.73894,-118.285634,POINT(-118.285634 33.73894)
SP654A,500 MESA ST,33.739166,-118.285632,POINT(-118.285632 33.739166)
SP656,500 MESA ST,33.739375,-118.285631,POINT(-118.285631 33.739375)
SP803,500 NELSON ST,33.739171,-118.284925,POINT(-118.284925 33.739171)
SP802,500 NELSON ST,33.739117,-118.284926,POINT(-118.284926 33.739117)
SP805,500 NELSON ST,33.739399,-118.284925,POINT(-118.284925 33.739399)
CB4243A,500 OLYMPIC BLVD,34.037388,-118.252953,POINT(-118.252953 34.037388)
CB4244A,500 OLYMPIC BLVD,34.037072,-118.252553,POINT(-118.252553 34.037072)
CB4244,500 OLYMPIC BLVD,34.037338,-118.252888,POINT(-118.252888 34.037338)
CB4245A,500 OLYMPIC BLVD,34.036991,-118.252448,POINT(-118.252448 34.036991)
SP686,500 PACIFIC AVE,33.739081,-118.287808,POINT(-118.287808 33.739081)
SP685,500 PACIFIC AVE,33.739027,-118.287809,POINT(-118.287809 33.739027)
CB2260,500 PICO BLVD,34.033396,-118.255251,POINT(-118.255251 34.033396)
CB2257,500 PICO BLVD,34.033573,-118.25557,POINT(-118.25557 34.033573)
CB2256,500 PICO BLVD,34.0336,-118.25562,POINT(-118.25562 34.0336)
CB4357,500 SPRING ST,34.047135,-118.249756,POINT(-118.249756 34.047135)
CB4358,500 SPRING ST,34.047077,-118.24981,POINT(-118.24981 34.047077)
AE327,500 TEMPLE ST,34.050216,-118.234087,POINT(-118.234087 34.050216)
AE328,500 TEMPLE ST,34.050209,-118.234026,POINT(-118.234026 34.050209)
AE67,500 TRACTION AVE,34.046497,-118.237579,POINT(-118.237579 34.046497)
AE413,500 VIGNES ST,34.052226,-118.233107,POINT(-118.233107 34.052226)
AE415,500 VIGNES ST,34.05234,-118.233087,POINT(-118.233087 34.05234)
AE412,500 VIGNES ST,34.052172,-118.233119,POINT(-118.233119 34.052172)
CB2518,500 WALL ST,34.044472,-118.2461,POINT(-118.2461 34.044472)
CB2516,500 WALL ST,34.044312,-118.246247,POINT(-118.246247 34.044312)
CB3394,501 11TH ST,34.036046,-118.253316,POINT(-118.253316 34.036046)
CB3395,501 11TH ST,34.036077,-118.253365,POINT(-118.253365 34.036077)
CB3398,501 11TH ST,34.036444,-118.253934,POINT(-118.253934 34.036444)
CB3397,501 11TH ST,34.036397,-118.253864,POINT(-118.253864 34.036397)
CB3467,501 12TH ST,34.041071,-118.264627,POINT(-118.264627 34.041071)
CB3466,501 12TH ST,34.041103,-118.264676,POINT(-118.264676 34.041103)
CB3469,501 12TH ST,34.040999,-118.26451,POINT(-118.26451 34.040999)
CB4134,501 15TH ST,34.031593,-118.256957,POINT(-118.256957 34.031593)
CB4136,501 15TH ST,34.031658,-118.257085,POINT(-118.257085 34.031658)
CB4135,501 15TH ST,34.031632,-118.257032,POINT(-118.257032 34.031632)
CB4132,501 15TH ST,34.031526,-118.256829,POINT(-118.256829 34.031526)
CB4131,501 15TH ST,34.0315,-118.256778,POINT(-118.256778 34.0315)
CB4133,501 15TH ST,34.031565,-118.256905,POINT(-118.256905 34.031565)
CB4130,501 15TH ST,34.031461,-118.256704,POINT(-118.256704 34.031461)
CB4187,501 15TH ST,34.031969,-118.257681,POINT(-118.257681 34.031969)
CB4185,501 15TH ST,34.031903,-118.257552,POINT(-118.257552 34.031903)
C498,501 28TH ST,34.026316,-118.276355,POINT(-118.276355 34.026316)
C499,501 28TH ST,34.026346,-118.276427,POINT(-118.276427 34.026346)
C502,501 28TH ST,34.026468,-118.276693,POINT(-118.276693 34.026468)
C501,501 28TH ST,34.02643,-118.276611,POINT(-118.276611 34.02643)
C503,501 28TH ST,34.026492,-118.276744,POINT(-118.276744 34.026492)
C500,501 28TH ST,34.026369,-118.276477,POINT(-118.276477 34.026369)
C468A,501 31ST ST,34.023983,-118.278053,POINT(-118.278053 34.023983)
C468B,501 31ST ST,34.024017,-118.278128,POINT(-118.278128 34.024017)
C462,501 33RD ST,34.022865,-118.278784,POINT(-118.278784 34.022865)
LT283,501 3RD ST,34.046373,-118.239981,POINT(-118.239981 34.046373)
LT281,501 3RD ST,34.046319,-118.23984,POINT(-118.23984 34.046319)
SP101,501 7TH ST,33.737793,-118.289277,POINT(-118.289277 33.737793)
SP95,501 7TH ST,33.737795,-118.289875,POINT(-118.289875 33.737795)
SP99,501 7TH ST,33.737792,-118.289437,POINT(-118.289437 33.737792)
SP104,501 7TH ST,33.73779,-118.288718,POINT(-118.288718 33.73779)
SP103,501 7TH ST,33.737791,-118.289127,POINT(-118.289127 33.737791)
SP97,501 7TH ST,33.737793,-118.28959,POINT(-118.28959 33.737793)
SP96,501 7TH ST,33.737795,-118.289809,POINT(-118.289809 33.737795)
SP105,501 7TH ST,33.737789,-118.288658,POINT(-118.288658 33.737789)
SP100,501 7TH ST,33.737791,-118.28937,POINT(-118.28937 33.737791)
CB3245,501 8TH ST,34.045648,-118.257486,POINT(-118.257486 34.045648)
CB3246,501 8TH ST,34.045696,-118.25756,POINT(-118.25756 34.045696)
CB3192,501 8TH ST,34.039624,-118.249725,POINT(-118.249725 34.039624)
CB3243,501 8TH ST,34.045566,-118.25736,POINT(-118.25736 34.045566)
CB3247,501 8TH ST,34.04573,-118.257611,POINT(-118.257611 34.04573)
CB3364,501 9TH ST,34.038412,-118.251418,POINT(-118.251418 34.038412)
CB3289,501 9TH ST,34.044936,-118.259945,POINT(-118.259945 34.044936)
CB3293,501 9TH ST,34.044807,-118.259745,POINT(-118.259745 34.044807)
CB3290,501 9TH ST,34.044874,-118.259847,POINT(-118.259847 34.044874)
CB3294,501 9TH ST,34.044776,-118.259694,POINT(-118.259694 34.044776)
CB3363B,501 9TH ST,34.038373,-118.251376,POINT(-118.251376 34.038373)
CB3296,501 9TH ST,34.044696,-118.259569,POINT(-118.259569 34.044696)
CB3295,501 9TH ST,34.04473,-118.259622,POINT(-118.259622 34.04473)
CT352,501 ALPINE ST,34.062911,-118.239802,POINT(-118.239802 34.062911)
CB4467,501 BROADWAY,34.04755,-118.251292,POINT(-118.251292 34.04755)
AE584,501 CENTER ST,34.052048,-118.231459,POINT(-118.231459 34.052048)
AE585,501 CENTER ST,34.051981,-118.23147,POINT(-118.23147 34.051981)
SP637D,501 CENTRE ST,33.738988,-118.283641,POINT(-118.283641 33.738988)
SP636C,501 CENTRE ST,33.73913,-118.283627,POINT(-118.283627 33.73913)
SP635A,501 CENTRE ST,33.739275,-118.283639,POINT(-118.283639 33.739275)
SP636A,501 CENTRE ST,33.739176,-118.283641,POINT(-118.283641 33.739176)
SP636,501 CENTRE ST,33.739121,-118.283601,POINT(-118.283601 33.739121)
SP636B,501 CENTRE ST,33.739152,-118.283639,POINT(-118.283639 33.739152)
SP637,501 CENTRE ST,33.739054,-118.283595,POINT(-118.283595 33.739054)
SP634C,501 CENTRE ST,33.739326,-118.283638,POINT(-118.283638 33.739326)
SP634,501 CENTRE ST,33.739246,-118.283601,POINT(-118.283601 33.739246)
SP634B,501 CENTRE ST,33.739377,-118.283638,POINT(-118.283638 33.739377)
SP634A,501 CENTRE ST,33.739377,-118.283638,POINT(-118.283638 33.739377)
SP635B,501 CENTRE ST,33.739252,-118.28364,POINT(-118.28364 33.739252)
SP637C,501 CENTRE ST,33.739017,-118.28364,POINT(-118.28364 33.739017)
SP637B,501 CENTRE ST,33.739052,-118.283642,POINT(-118.283642 33.739052)
SP635C,501 CENTRE ST,33.739225,-118.283623,POINT(-118.283623 33.739225)
SP635,501 CENTRE ST,33.739191,-118.283603,POINT(-118.283603 33.739191)
CB3549,501 FIGUEROA ST,34.05123,-118.258311,POINT(-118.258311 34.05123)
CB3547,501 FIGUEROA ST,34.051135,-118.258403,POINT(-118.258403 34.051135)
CB3548,501 FIGUEROA ST,34.051176,-118.258363,POINT(-118.258363 34.051176)
CB2597,501 FREMONT AVE,34.05215,-118.258664,POINT(-118.258664 34.05215)
CB2595,501 FREMONT AVE,34.052256,-118.258562,POINT(-118.258562 34.052256)
CB2592,501 FREMONT AVE,34.052471,-118.258358,POINT(-118.258358 34.052471)
CB2591,501 FREMONT AVE,34.052515,-118.258317,POINT(-118.258317 34.052515)
CC621,501 HILL ST,34.057921,-118.242248,POINT(-118.242248 34.057921)
CB3751,501 LOS ANGELES ST,34.045124,-118.248576,POINT(-118.248576 34.045124)
CB3750,501 LOS ANGELES ST,34.04552,-118.248207,POINT(-118.248207 34.04552)
CB3752,501 LOS ANGELES ST,34.04508,-118.248619,POINT(-118.248619 34.04508)
CB3707,501 MAIN ST,34.045569,-118.249748,POINT(-118.249748 34.045569)
CB3708,501 MAIN ST,34.045628,-118.249687,POINT(-118.249687 34.045628)
CB3713,501 MAIN ST,34.046207,-118.249118,POINT(-118.249118 34.046207)
CB3706,501 MAIN ST,34.045534,-118.249785,POINT(-118.249785 34.045534)
CB3712A,501 MAIN ST,34.04616,-118.249161,POINT(-118.249161 34.04616)
CB2437,501 MAPLE AVE,34.044917,-118.247164,POINT(-118.247164 34.044917)
SP663,501 MESA ST,33.738991,-118.285775,POINT(-118.285775 33.738991)
SP661,501 MESA ST,33.739124,-118.285776,POINT(-118.285776 33.739124)
SP658,501 MESA ST,33.739409,-118.285772,POINT(-118.285772 33.739409)
SP659,501 MESA ST,33.739333,-118.285772,POINT(-118.285772 33.739333)
SP660,501 MESA ST,33.739278,-118.285771,POINT(-118.285771 33.739278)
SP664,501 MESA ST,33.738939,-118.285777,POINT(-118.285777 33.738939)
SP662,501 MESA ST,33.739067,-118.285776,POINT(-118.285776 33.739067)
SP827,501 NELSON ST,33.739216,-118.285027,POINT(-118.285027 33.739216)
SP826,501 NELSON ST,33.739164,-118.285028,POINT(-118.285028 33.739164)
SP825,501 NELSON ST,33.739001,-118.285027,POINT(-118.285027 33.739001)
CB2878,501 OLIVE ST,34.048305,-118.254064,POINT(-118.254064 34.048305)
CB2879,501 OLIVE ST,34.048362,-118.254012,POINT(-118.254012 34.048362)
CB4249,501 OLYMPIC BLVD,34.04352,-118.261217,POINT(-118.261217 34.04352)
CB4252,501 OLYMPIC BLVD,34.043596,-118.261336,POINT(-118.261336 34.043596)
CB4248,501 OLYMPIC BLVD,34.043488,-118.261168,POINT(-118.261168 34.043488)
CB4251,501 OLYMPIC BLVD,34.043644,-118.261409,POINT(-118.261409 34.043644)
CB4266,501 OLYMPIC BLVD,34.037261,-118.252554,POINT(-118.252554 34.037261)
CT425,501 ORD ST,34.060941,-118.240882,POINT(-118.240882 34.060941)
CT426,501 ORD ST,34.060963,-118.240944,POINT(-118.240944 34.060963)
CB3648,501 SPRING ST,34.046541,-118.25054,POINT(-118.25054 34.046541)
AE420,501 VIGNES ST,34.052361,-118.233227,POINT(-118.233227 34.052361)
AE419,501 VIGNES ST,34.052418,-118.233215,POINT(-118.233215 34.052418)
AE423,501 VIGNES ST,34.052189,-118.233259,POINT(-118.233259 34.052189)
AE421,501 VIGNES ST,34.052306,-118.233237,POINT(-118.233237 34.052306)
AE418,501 VIGNES ST,34.05247,-118.233205,POINT(-118.233205 34.05247)
WP129,501 WASHINGTON BLVD,33.98281,-118.460952,POINT(-118.460952 33.98281)
61438,54 WINDWARD AVE,33.987372,-118.472657,POINT(-118.472657 33.987372)
61435,54 WINDWARD AVE,33.987321,-118.472745,POINT(-118.472745 33.987321)
61437,54 WINDWARD AVE,33.987355,-118.472684,POINT(-118.472684 33.987355)
61439,54 WINDWARD AVE,33.987388,-118.472631,POINT(-118.472631 33.987388)
SV508A,5801 SUNSET BLVD,34.098154,-118.317352,POINT(-118.317352 34.098154)
SV506A,5801 SUNSET BLVD,34.098161,-118.316479,POINT(-118.316479 34.098161)
SV490,5900 SUNSET BLVD,34.09794,-118.319465,POINT(-118.319465 34.09794)
SV518A,5901 SUNSET BLVD,34.098146,-118.319236,POINT(-118.319236 34.098146)
SV513,5901 SUNSET BLVD,34.098145,-118.318731,POINT(-118.318731 34.098145)
SV516,5901 SUNSET BLVD,34.098143,-118.318888,POINT(-118.318888 34.098143)
CB2304,600 12TH ST,34.034044,-118.253973,POINT(-118.253973 34.034044)
CB2306,600 12TH ST,34.033845,-118.253669,POINT(-118.253669 34.033845)
CB2305A,600 12TH ST,34.033893,-118.253744,POINT(-118.253744 34.033893)
CB2300,600 12TH ST,34.034198,-118.254215,POINT(-118.254215 34.034198)
C1106,600 27TH ST,34.027154,-118.276949,POINT(-118.276949 34.027154)
C1105,600 27TH ST,34.027179,-118.277008,POINT(-118.277008 34.027179)
C1104,600 27TH ST,34.027213,-118.277086,POINT(-118.277086 34.027213)
C1103,600 27TH ST,34.027237,-118.27714,POINT(-118.27714 34.027237)
C1112,600 28TH ST,34.026214,-118.277781,POINT(-118.277781 34.026214)
C1111,600 28TH ST,34.02625,-118.277865,POINT(-118.277865 34.02625)
C1110,600 28TH ST,34.026272,-118.277916,POINT(-118.277916 34.026272)
C1121,600 30TH ST,34.025264,-118.278627,POINT(-118.278627 34.025264)
C1122,600 30TH ST,34.025242,-118.27858,POINT(-118.27858 34.025242)
C1094,600 32ND ST,34.023772,-118.279771,POINT(-118.279771 34.023772)
C1093,600 32ND ST,34.023803,-118.279844,POINT(-118.279844 34.023803)
LT454,600 3RD ST,34.045635,-118.238611,POINT(-118.238611 34.045635)
LT459,600 3RD ST,34.045765,-118.238948,POINT(-118.238948 34.045765)
LT455,600 3RD ST,34.045656,-118.238666,POINT(-118.238666 34.045656)
CB3256,600 8TH ST,34.046196,-118.258598,POINT(-118.258598 34.046196)
CB3274,600 8TH ST,34.038784,-118.249288,POINT(-118.249288 34.038784)
CB3257,600 8TH ST,34.046243,-118.258672,POINT(-118.258672 34.046243)
CB2291,600 9TH ST,34.037599,-118.250779,POINT(-118.250779 34.037599)
CB2290,600 9TH ST,34.037635,-118.250817,POINT(-118.250817 34.037635)
CB2289,600 9TH ST,34.037689,-118.250883,POINT(-118.250883 34.037689)
CB2287,600 9TH ST,34.037783,-118.250984,POINT(-118.250984 34.037783)
C1071,600 ADAMS BLVD,34.028856,-118.277785,POINT(-118.277785 34.028856)
C1072,600 ADAMS BLVD,34.028821,-118.277705,POINT(-118.277705 34.028821)
C1073,600 ADAMS BLVD,34.028796,-118.27765,POINT(-118.27765 34.028796)
C1065,600 ADAMS BLVD,34.02904,-118.278197,POINT(-118.278197 34.02904)
C1070,600 ADAMS BLVD,34.028883,-118.277843,POINT(-118.277843 34.028883)
C1066,600 ADAMS BLVD,34.029005,-118.27812,POINT(-118.27812 34.029005)
C1069,600 ADAMS BLVD,34.028916,-118.27792,POINT(-118.27792 34.028916)
C1067,600 ADAMS BLVD,34.028978,-118.27806,POINT(-118.27806 34.028978)
C1064,600 ADAMS BLVD,34.029067,-118.278261,POINT(-118.278261 34.029067)
SP502A,600 CENTRE ST,33.738453,-118.283433,POINT(-118.283433 33.738453)
SP500A,600 CENTRE ST,33.738325,-118.283442,POINT(-118.283442 33.738325)
SP500,600 CENTRE ST,33.738294,-118.283444,POINT(-118.283444 33.738294)
SP501A,600 CENTRE ST,33.738393,-118.283439,POINT(-118.283439 33.738393)
SP503B,600 CENTRE ST,33.738557,-118.283426,POINT(-118.283426 33.738557)
SP499,600 CENTRE ST,33.738231,-118.283446,POINT(-118.283446 33.738231)
SP497A,600 CENTRE ST,33.738138,-118.283448,POINT(-118.283448 33.738138)
SP502,600 CENTRE ST,33.738426,-118.283435,POINT(-118.283435 33.738426)
SP498,600 CENTRE ST,33.738166,-118.283449,POINT(-118.283449 33.738166)
SP499A,600 CENTRE ST,33.738264,-118.283445,POINT(-118.283445 33.738264)
SP501,600 CENTRE ST,33.738362,-118.283441,POINT(-118.283441 33.738362)
AE435,600 DUCOMMUN ST,34.051991,-118.233572,POINT(-118.233572 34.051991)
AE433,600 DUCOMMUN ST,34.05203,-118.233868,POINT(-118.233868 34.05203)
AE432,600 DUCOMMUN ST,34.052038,-118.233934,POINT(-118.233934 34.052038)
AE437,600 DUCOMMUN ST,34.051972,-118.233437,POINT(-118.233437 34.051972)
AE431,600 DUCOMMUN ST,34.052047,-118.234001,POINT(-118.234001 34.052047)
CB3151A,600 HOPE ST,34.048468,-118.257121,POINT(-118.257121 34.048468)
CB3151B,600 HOPE ST,34.049146,-118.256514,POINT(-118.256514 34.049146)
AE454,600 JACKSON ST,34.051126,-118.233915,POINT(-118.233915 34.051126)
AE455,600 JACKSON ST,34.051117,-118.233849,POINT(-118.233849 34.051117)
AE456,600 JACKSON ST,34.051107,-118.233773,POINT(-118.233773 34.051107)
AE453,600 JACKSON ST,34.051136,-118.233981,POINT(-118.233981 34.051136)
CB3776,600 LOS ANGELES ST,34.043609,-118.249905,POINT(-118.249905 34.043609)
CB3775,600 LOS ANGELES ST,34.043568,-118.249951,POINT(-118.249951 34.043568)
CB3702,600 MAIN ST,34.044463,-118.250659,POINT(-118.250659 34.044463)
CB3702B,600 MAIN ST,34.044685,-118.250425,POINT(-118.250425 34.044685)
CB3704,600 MAIN ST,34.044975,-118.250097,POINT(-118.250097 34.044975)
CB3703,600 MAIN ST,34.044937,-118.250137,POINT(-118.250137 34.044937)
CB3700,600 MAIN ST,34.044279,-118.250854,POINT(-118.250854 34.044279)
CT53,600 NEW HIGH ST,34.059043,-118.239054,POINT(-118.239054 34.059043)
CT60,600 NEW HIGH ST,34.059714,-118.238725,POINT(-118.238725 34.059714)
SP551,600 PACIFIC AVE,33.738092,-118.287816,POINT(-118.287816 33.738092)
SP553,600 PACIFIC AVE,33.738217,-118.287814,POINT(-118.287814 33.738217)
SP554,600 PACIFIC AVE,33.738292,-118.287813,POINT(-118.287813 33.738292)
SP555,600 PACIFIC AVE,33.738348,-118.287811,POINT(-118.287811 33.738348)
SP552,600 PACIFIC AVE,33.738162,-118.287814,POINT(-118.287814 33.738162)
SP550,600 PACIFIC AVE,33.738037,-118.287815,POINT(-118.287815 33.738037)
SP557,600 PACIFIC AVE,33.738478,-118.287811,POINT(-118.287811 33.738478)
CB2324,600 PICO BLVD,34.033074,-118.254671,POINT(-118.254671 34.033074)
CB2327,600 PICO BLVD,34.032931,-118.254419,POINT(-118.254419 34.032931)
CB2325,600 PICO BLVD,34.033034,-118.2546,POINT(-118.2546 34.033034)
CB4371,600 SPRING ST,34.045334,-118.251429,POINT(-118.251429 34.045334)
CB4368,600 SPRING ST,34.045643,-118.251141,POINT(-118.251141 34.045643)
CB4370,600 SPRING ST,34.045394,-118.251374,POINT(-118.251374 34.045394)
CB2504,600 WALL ST,34.043254,-118.247225,POINT(-118.247225 34.043254)
CB2505,600 WALL ST,34.043297,-118.247187,POINT(-118.247187 34.043297)
CB2494,600 WALL ST,34.042065,-118.248324,POINT(-118.248324 34.042065)
CB2496,600 WALL ST,34.042265,-118.24814,POINT(-118.24814 34.042265)
CB2499A,600 WALL ST,34.042719,-118.247719,POINT(-118.247719 34.042719)
CB2494A,600 WALL ST,34.042109,-118.248286,POINT(-118.248286 34.042109)
CB2500A,600 WALL ST,34.04283,-118.247619,POINT(-118.247619 34.04283)
CB2495,600 WALL ST,34.042166,-118.248235,POINT(-118.248235 34.042166)
CB2500,600 WALL ST,34.042787,-118.247663,POINT(-118.247663 34.042787)
CB2497A,600 WALL ST,34.042522,-118.247906,POINT(-118.247906 34.042522)
CB3152,600 WILSHIRE BLVD,34.04831,-118.256663,POINT(-118.256663 34.04831)
SV483,6000 SUNSET BLVD,34.097922,-118.321485,POINT(-118.321485 34.097922)
SV482,6000 SUNSET BLVD,34.097926,-118.321734,POINT(-118.321734 34.097926)
SV524A,6001 SUNSET BLVD,34.098128,-118.321686,POINT(-118.321686 34.098128)
SV519,6001 SUNSET BLVD,34.09814,-118.319919,POINT(-118.319919 34.09814)
CB2297,601 12TH ST,34.034023,-118.253706,POINT(-118.253706 34.034023)
CB4123,601 15TH ST,34.031112,-118.256024,POINT(-118.256024 34.031112)
CB4122,601 15TH ST,34.031085,-118.25597,POINT(-118.25597 34.031085)
CB4119,601 15TH ST,34.030947,-118.255703,POINT(-118.255703 34.030947)
CB4121,601 15TH ST,34.031013,-118.25583,POINT(-118.25583 34.031013)
CB4120,601 15TH ST,34.030975,-118.255756,POINT(-118.255756 34.030975)
C1101,601 27TH ST,34.027329,-118.277035,POINT(-118.277035 34.027329)
C1102,601 27TH ST,34.027352,-118.277091,POINT(-118.277091 34.027352)
C1120,601 30TH ST,34.025356,-118.27855,POINT(-118.27855 34.025356)
C1117,601 30TH ST,34.025261,-118.278336,POINT(-118.278336 34.025261)
C1118,601 30TH ST,34.025296,-118.278418,POINT(-118.278418 34.025296)
C1116,601 30TH ST,34.025237,-118.278284,POINT(-118.278284 34.025237)
C1092A,601 32ND ST,34.024176,-118.280277,POINT(-118.280277 34.024176)
C1083,601 32ND ST,34.023765,-118.279339,POINT(-118.279339 34.023765)
C1082,601 32ND ST,34.023707,-118.279208,POINT(-118.279208 34.023707)
C1092,601 32ND ST,34.02414,-118.280183,POINT(-118.280183 34.02414)
C1085,601 32ND ST,34.023825,-118.279477,POINT(-118.279477 34.023825)
C1087,601 32ND ST,34.023938,-118.279724,POINT(-118.279724 34.023938)
C1084,601 32ND ST,34.023808,-118.279436,POINT(-118.279436 34.023808)
C1089,601 32ND ST,34.024053,-118.279998,POINT(-118.279998 34.024053)
C1091,601 32ND ST,34.024117,-118.280131,POINT(-118.280131 34.024117)
C1090,601 32ND ST,34.024077,-118.280041,POINT(-118.280041 34.024077)
C1086,601 32ND ST,34.023914,-118.27967,POINT(-118.27967 34.023914)
C1088,601 32ND ST,34.023982,-118.279831,POINT(-118.279831 34.023982)
C1092B,601 32ND ST,34.024209,-118.280348,POINT(-118.280348 34.024209)
LT389,601 3RD ST,34.04599,-118.238973,POINT(-118.238973 34.04599)
LT388,601 3RD ST,34.045957,-118.238887,POINT(-118.238887 34.045957)
LT384,601 3RD ST,34.04585,-118.238602,POINT(-118.238602 34.04585)
LT387,601 3RD ST,34.045936,-118.238828,POINT(-118.238828 34.045936)
CB1083,601 9TH ST,34.045616,-118.261013,POINT(-118.261013 34.045616)
CB3361,601 9TH ST,34.037846,-118.250794,POINT(-118.250794 34.037846)
CB1090,601 9TH ST,34.045343,-118.260592,POINT(-118.260592 34.045343)
CB3358,601 9TH ST,34.037536,-118.250455,POINT(-118.250455 34.037536)
CB1089,601 9TH ST,34.045387,-118.260658,POINT(-118.260658 34.045387)
CB3362,601 9TH ST,34.037884,-118.250835,POINT(-118.250835 34.037884)
SP506A,601 CENTRE ST,33.738387,-118.283618,POINT(-118.283618 33.738387)
SP506B,601 CENTRE ST,33.738334,-118.283618,POINT(-118.283618 33.738334)
CC908,601 CESAR E CHAVEZ AVE,34.060084,-118.24276,POINT(-118.24276 34.060084)
CC910,601 CESAR E CHAVEZ AVE,34.06015,-118.24288,POINT(-118.24288 34.06015)
AE426,601 DUCOMMUN ST,34.052089,-118.233531,POINT(-118.233531 34.052089)
AE425,601 DUCOMMUN ST,34.05208,-118.233463,POINT(-118.233463 34.05208)
AE427,601 DUCOMMUN ST,34.052098,-118.233599,POINT(-118.233599 34.052098)
AE424,601 DUCOMMUN ST,34.052071,-118.233396,POINT(-118.233396 34.052071)
AE428,601 DUCOMMUN ST,34.052134,-118.233853,POINT(-118.233853 34.052134)
CT616,601 FIGUEROA ST,34.063466,-118.245969,POINT(-118.245969 34.063466)
CB3881,601 FRANCISCO ST,34.050526,-118.26093,POINT(-118.26093 34.050526)
CB3882A,601 FRANCISCO ST,34.050279,-118.261161,POINT(-118.261161 34.050279)
CB3882,601 FRANCISCO ST,34.050321,-118.261123,POINT(-118.261123 34.050321)
CB3556B,601 GRAND AVE,34.04818,-118.255909,POINT(-118.255909 34.04818)
CB3556A,601 GRAND AVE,34.048222,-118.255871,POINT(-118.255871 34.048222)
CT652,601 HILL ST,34.060538,-118.24079,POINT(-118.24079 34.060538)
CT651,601 HILL ST,34.060604,-118.240757,POINT(-118.240757 34.060604)
CB2941A,601 HILL ST,34.046402,-118.254116,POINT(-118.254116 34.046402)
CT653,601 HILL ST,34.06049,-118.240814,POINT(-118.240814 34.06049)
CB2940,601 HILL ST,34.046802,-118.253743,POINT(-118.253743 34.046802)
CB2939A,601 HILL ST,34.04684,-118.253708,POINT(-118.253708 34.04684)
CB4323,601 HOPE ST,34.049235,-118.256674,POINT(-118.256674 34.049235)
CB4322,601 HOPE ST,34.049277,-118.256635,POINT(-118.256635 34.049277)
CB4325,601 HOPE ST,34.04913,-118.256764,POINT(-118.256764 34.04913)
CB4324,601 HOPE ST,34.049179,-118.256724,POINT(-118.256724 34.049179)
AE449,601 JACKSON ST,34.051198,-118.23367,POINT(-118.23367 34.051198)
AE451,601 JACKSON ST,34.051242,-118.233997,POINT(-118.233997 34.051242)
AE450,601 JACKSON ST,34.051207,-118.233737,POINT(-118.233737 34.051207)
C1241,601 JEFFERSON BLVD,34.022293,-118.280527,POINT(-118.280527 34.022293)
C1240,601 JEFFERSON BLVD,34.022268,-118.280471,POINT(-118.280471 34.022268)
C1245,601 JEFFERSON BLVD,34.022415,-118.280803,POINT(-118.280803 34.022415)
C1244,601 JEFFERSON BLVD,34.022386,-118.280738,POINT(-118.280738 34.022386)
C1242,601 JEFFERSON BLVD,34.022329,-118.280609,POINT(-118.280609 34.022329)
C1243,601 JEFFERSON BLVD,34.022354,-118.280667,POINT(-118.280667 34.022354)
CB3757,601 LOS ANGELES ST,34.044366,-118.249374,POINT(-118.249374 34.044366)
CB3762,601 LOS ANGELES ST,34.043677,-118.250105,POINT(-118.250105 34.043677)
CB3758,601 LOS ANGELES ST,34.044311,-118.249431,POINT(-118.249431 34.044311)
CB3697,601 MAIN ST,34.045022,-118.250326,POINT(-118.250326 34.045022)
CB3691,601 MAIN ST,34.044248,-118.25115,POINT(-118.25115 34.044248)
CB3699,601 MAIN ST,34.045117,-118.250227,POINT(-118.250227 34.045117)
CB3695,601 MAIN ST,34.044781,-118.250583,POINT(-118.250583 34.044781)
CB3698,601 MAIN ST,34.045061,-118.250286,POINT(-118.250286 34.045061)
SP538,601 MESA ST,33.738042,-118.28578,POINT(-118.28578 33.738042)
SP533,601 MESA ST,33.738516,-118.285777,POINT(-118.285777 33.738516)
SP534A,601 MESA ST,33.738384,-118.285778,POINT(-118.285778 33.738384)
SP534,601 MESA ST,33.738439,-118.285778,POINT(-118.285778 33.738439)
SP535,601 MESA ST,33.738307,-118.285779,POINT(-118.285779 33.738307)
SP537,601 MESA ST,33.73818,-118.285779,POINT(-118.285779 33.73818)
SP536,601 MESA ST,33.738256,-118.285778,POINT(-118.285778 33.738256)
CT72A,601 NEW HIGH ST,34.059352,-118.239073,POINT(-118.239073 34.059352)
CT71A,601 NEW HIGH ST,34.059496,-118.238986,POINT(-118.238986 34.059496)
CT72,601 NEW HIGH ST,34.059449,-118.239009,POINT(-118.239009 34.059449)
CT74A,601 NEW HIGH ST,34.058982,-118.239252,POINT(-118.239252 34.058982)
CT76,601 NEW HIGH ST,34.05869,-118.239395,POINT(-118.239395 34.05869)
CT74,601 NEW HIGH ST,34.05903,-118.239229,POINT(-118.239229 34.05903)
CT76A,601 NEW HIGH ST,34.058645,-118.239416,POINT(-118.239416 34.058645)
CT73,601 NEW HIGH ST,34.059302,-118.239098,POINT(-118.239098 34.059302)
CB3640,601 OLIVE ST,34.047527,-118.254786,POINT(-118.254786 34.047527)
CB3376,601 OLYMPIC BLVD,34.044077,-118.262082,POINT(-118.262082 34.044077)
CB3372,601 OLYMPIC BLVD,34.043932,-118.261854,POINT(-118.261854 34.043932)
SP78A,601 PACIFIC AVE,33.738267,-118.288007,POINT(-118.288007 33.738267)
SP472,601 PALOS VERDES ST,33.738314,-118.281419,POINT(-118.281419 33.738314)
SP471,601 PALOS VERDES ST,33.738365,-118.281426,POINT(-118.281426 33.738365)
CB2317,601 PICO BLVD,34.033129,-118.254515,POINT(-118.254515 34.033129)
CB2322,601 PICO BLVD,34.033348,-118.254908,POINT(-118.254908 34.033348)
CB2316,601 PICO BLVD,34.033097,-118.254459,POINT(-118.254459 34.033097)
CB2733,601 SAN PEDRO ST,34.041062,-118.246536,POINT(-118.246536 34.041062)
CB2726,601 SAN PEDRO ST,34.041455,-118.246126,POINT(-118.246126 34.041455)
CB2736,601 SAN PEDRO ST,34.04093,-118.246676,POINT(-118.246676 34.04093)
CB2734,601 SAN PEDRO ST,34.041017,-118.246584,POINT(-118.246584 34.041017)
CB3651,601 SPRING ST,34.045625,-118.251396,POINT(-118.251396 34.045625)
CB2491A,601 WALL ST,34.042833,-118.247793,POINT(-118.247793 34.042833)
CB2493A,601 WALL ST,34.042253,-118.248358,POINT(-118.248358 34.042253)
CB2490A,601 WALL ST,34.043121,-118.247528,POINT(-118.247528 34.043121)
CB4060,601 WILSHIRE BLVD,34.04849,-118.256623,POINT(-118.256623 34.04849)
CB4061,601 WILSHIRE BLVD,34.048522,-118.256674,POINT(-118.256674 34.048522)
CB4062,601 WILSHIRE BLVD,34.048567,-118.256742,POINT(-118.256742 34.048567)
HO392,6100 HOLLYWOOD BLVD,34.101555,-118.323565,POINT(-118.323565 34.101555)
HO393,6100 HOLLYWOOD BLVD,34.101544,-118.323375,POINT(-118.323375 34.101544)
HO890,6100 SELMA AVE,34.099758,-118.322562,POINT(-118.322562 34.099758)
HO893,6100 SELMA AVE,34.099756,-118.323243,POINT(-118.323243 34.099756)
HO895,6100 SELMA AVE,34.099759,-118.322958,POINT(-118.322958 34.099759)
SV331,6100 SUNSET BLVD,34.097906,-118.322765,POINT(-118.322765 34.097906)
SV326A,6100 SUNSET BLVD,34.097904,-118.323233,POINT(-118.323233 34.097904)
SV324,6100 SUNSET BLVD,34.097904,-118.323455,POINT(-118.323455 34.097904)
SV325,6100 SUNSET BLVD,34.097904,-118.323386,POINT(-118.323386 34.097904)
HO400,6101 HOLLYWOOD BLVD,34.101749,-118.323119,POINT(-118.323119 34.101749)
HO404,6101 HOLLYWOOD BLVD,34.101747,-118.323414,POINT(-118.323414 34.101747)
HO402,6101 HOLLYWOOD BLVD,34.101747,-118.323274,POINT(-118.323274 34.101747)
HO399,6101 HOLLYWOOD BLVD,34.101748,-118.323053,POINT(-118.323053 34.101748)
HO916,6101 SELMA AVE,34.099881,-118.322629,POINT(-118.322629 34.099881)
SV333,6101 SUNSET BLVD,34.098123,-118.32261,POINT(-118.32261 34.098123)
SV337,6101 SUNSET BLVD,34.098121,-118.322914,POINT(-118.322914 34.098121)
SV340A,6101 SUNSET BLVD,34.098119,-118.323218,POINT(-118.323218 34.098119)
SH389,6200 SANTA MONICA BLVD,34.090662,-118.325223,POINT(-118.325223 34.090662)
SH386,6200 SANTA MONICA BLVD,34.090662,-118.325621,POINT(-118.325621 34.090662)
SH392,6200 SANTA MONICA BLVD,34.090666,-118.324789,POINT(-118.324789 34.090666)
HO306,6200 SELMA AVE,34.099713,-118.325638,POINT(-118.325638 34.099713)
SV317,6200 SUNSET BLVD,34.097903,-118.325606,POINT(-118.325606 34.097903)
HO467A,6200 YUCCA ST,34.103637,-118.325772,POINT(-118.325772 34.103637)
HO470,6200 YUCCA ST,34.103638,-118.325527,POINT(-118.325527 34.103638)
SV944,6201 AFTON PL,34.095325,-118.326193,POINT(-118.326193 34.095325)
SV945,6201 AFTON PL,34.095325,-118.326283,POINT(-118.326283 34.095325)
HO449A,6201 HOLLYWOOD BLVD,34.101729,-118.32592,POINT(-118.32592 34.101729)
SH13,6201 SANTA MONICA BLVD,34.090825,-118.325841,POINT(-118.325841 34.090825)
SH10,6201 SANTA MONICA BLVD,34.090826,-118.325534,POINT(-118.325534 34.090826)
SH3,6201 SANTA MONICA BLVD,34.090828,-118.324888,POINT(-118.324888 34.090828)
HO927,6201 SELMA AVE,34.09987,-118.32427,POINT(-118.32427 34.09987)
SV344,6201 SUNSET BLVD,34.098114,-118.324389,POINT(-118.324389 34.098114)
SV343A,6201 SUNSET BLVD,34.098115,-118.324323,POINT(-118.324323 34.098115)
SV356,6201 SUNSET BLVD,34.098118,-118.325908,POINT(-118.325908 34.098118)
SV353,6201 SUNSET BLVD,34.098118,-118.32565,POINT(-118.32565 34.098118)
SV344A,6201 SUNSET BLVD,34.098113,-118.32448,POINT(-118.32448 34.098113)
HO473,6201 YUCCA ST,34.103858,-118.325845,POINT(-118.325845 34.103858)
HO477,6201 YUCCA ST,34.103848,-118.326398,POINT(-118.326398 34.103848)
HO278A,6300 SELMA AVE,34.099726,-118.327971,POINT(-118.327971 34.099726)
HO278,6300 SELMA AVE,34.099723,-118.328497,POINT(-118.328497 34.099723)
HO279,6300 SELMA AVE,34.09973,-118.327518,POINT(-118.327518 34.09973)
HO278C,6300 SELMA AVE,34.099727,-118.327839,POINT(-118.327839 34.099727)
HO278B,6300 SELMA AVE,34.099727,-118.327912,POINT(-118.327912 34.099727)
HO280,6300 SELMA AVE,34.09973,-118.327453,POINT(-118.327453 34.09973)
HO275B,6300 SELMA AVE,34.099728,-118.329036,POINT(-118.329036 34.099728)
SV309,6300 SUNSET BLVD,34.097894,-118.3272,POINT(-118.3272 34.097894)
SV309A,6300 SUNSET BLVD,34.097896,-118.32713,POINT(-118.32713 34.097896)
SV306,6300 SUNSET BLVD,34.097894,-118.328024,POINT(-118.328024 34.097894)
SV306A,6300 SUNSET BLVD,34.097894,-118.327987,POINT(-118.327987 34.097894)
SV305,6300 SUNSET BLVD,34.097893,-118.328179,POINT(-118.328179 34.097893)
SV308,6300 SUNSET BLVD,34.097894,-118.327356,POINT(-118.327356 34.097894)
SV303,6300 SUNSET BLVD,34.097892,-118.328345,POINT(-118.328345 34.097892)
SV307,6300 SUNSET BLVD,34.097893,-118.327505,POINT(-118.327505 34.097893)
SV307A,6300 SUNSET BLVD,34.097893,-118.327439,POINT(-118.327439 34.097893)
SV304,6300 SUNSET BLVD,34.097893,-118.328287,POINT(-118.328287 34.097893)
SV301,6300 SUNSET BLVD,34.097892,-118.328494,POINT(-118.328494 34.097892)
SV302,6300 SUNSET BLVD,34.097893,-118.328436,POINT(-118.328436 34.097893)
SV305A,6300 SUNSET BLVD,34.097895,-118.328119,POINT(-118.328119 34.097895)
HO513B,6300 YUCCA ST,34.10375,-118.327743,POINT(-118.327743 34.10375)
HO514B,6300 YUCCA ST,34.103738,-118.327621,POINT(-118.327621 34.103738)
HO514A,6300 YUCCA ST,34.103741,-118.32766,POINT(-118.32766 34.103741)
HO514,6300 YUCCA ST,34.103746,-118.327705,POINT(-118.327705 34.103746)
HO513A,6300 YUCCA ST,34.103754,-118.327784,POINT(-118.327784 34.103754)
HO513,6300 YUCCA ST,34.103757,-118.327825,POINT(-118.327825 34.103757)
HO515A,6300 YUCCA ST,34.103731,-118.32754,POINT(-118.32754 34.103731)
HO516A,6300 YUCCA ST,34.103715,-118.327376,POINT(-118.327376 34.103715)
HO516,6300 YUCCA ST,34.103718,-118.327416,POINT(-118.327416 34.103718)
HO241,6301 SELMA AVE,34.099842,-118.328361,POINT(-118.328361 34.099842)
HO237,6301 SELMA AVE,34.099851,-118.327767,POINT(-118.327767 34.099851)
SV8,6301 SUNSET BLVD,34.098096,-118.327927,POINT(-118.327927 34.098096)
SV3,6301 SUNSET BLVD,34.098095,-118.327466,POINT(-118.327466 34.098095)
SV10,6301 SUNSET BLVD,34.098096,-118.3281,POINT(-118.3281 34.098096)
SV12,6301 SUNSET BLVD,34.098095,-118.328279,POINT(-118.328279 34.098095)
SV1,6301 SUNSET BLVD,34.098095,-118.327311,POINT(-118.327311 34.098095)
SV11,6301 SUNSET BLVD,34.098096,-118.328176,POINT(-118.328176 34.098096)
SV2,6301 SUNSET BLVD,34.098095,-118.327379,POINT(-118.327379 34.098095)
HO483,6301 YUCCA ST,34.103966,-118.327746,POINT(-118.327746 34.103966)
HO482A,6301 YUCCA ST,34.103957,-118.327654,POINT(-118.327654 34.103957)
HO482,6301 YUCCA ST,34.103937,-118.327471,POINT(-118.327471 34.103937)
HO481,6301 YUCCA ST,34.103929,-118.327375,POINT(-118.327375 34.103929)
HO481A,6301 YUCCA ST,34.103931,-118.327305,POINT(-118.327305 34.103931)
HO480B,6301 YUCCA ST,34.103923,-118.327224,POINT(-118.327224 34.103923)
HO480A,6301 YUCCA ST,34.103921,-118.327187,POINT(-118.327187 34.103921)
HO480,6301 YUCCA ST,34.103919,-118.327307,POINT(-118.327307 34.103919)
HO479,6301 YUCCA ST,34.103899,-118.327079,POINT(-118.327079 34.103899)
HO479A,6301 YUCCA ST,34.103909,-118.327193,POINT(-118.327193 34.103909)
HO511,6350 YUCCA ST,34.103872,-118.328527,POINT(-118.328527 34.103872)
HO510A,6350 YUCCA ST,34.103874,-118.328598,POINT(-118.328598 34.103874)
HO508,6350 YUCCA ST,34.103871,-118.328865,POINT(-118.328865 34.103871)
HO507,6350 YUCCA ST,34.103872,-118.328931,POINT(-118.328931 34.103872)
HO506,6350 YUCCA ST,34.103871,-118.329021,POINT(-118.329021 34.103871)
HO505A,6350 YUCCA ST,34.103871,-118.32909,POINT(-118.32909 34.103871)
HO489,6351 YUCCA ST,34.104084,-118.329091,POINT(-118.329091 34.104084)
HO488,6351 YUCCA ST,34.104087,-118.328917,POINT(-118.328917 34.104087)
HO487B,6351 YUCCA ST,34.104087,-118.328886,POINT(-118.328886 34.104087)
HO485A,6351 YUCCA ST,34.104087,-118.328668,POINT(-118.328668 34.104087)
HO486B,6351 YUCCA ST,34.104088,-118.328793,POINT(-118.328793 34.104088)
HO487,6351 YUCCA ST,34.104088,-118.328824,POINT(-118.328824 34.104088)
HO484B,6351 YUCCA ST,34.104087,-118.328605,POINT(-118.328605 34.104087)
HO490,6351 YUCCA ST,34.104083,-118.329162,POINT(-118.329162 34.104083)
HO490A,6351 YUCCA ST,34.104083,-118.329234,POINT(-118.329234 34.104083)
66447,6376 HOLLYWOOD BLVD,34.101518,-118.329251,POINT(-118.329251 34.101518)
66450,6376 HOLLYWOOD BLVD,34.10152,-118.329023,POINT(-118.329023 34.10152)
66448,6376 HOLLYWOOD BLVD,34.101518,-118.329183,POINT(-118.329183 34.101518)
61406,64 MARKET ST,33.987976,-118.473247,POINT(-118.473247 33.987976)
61405,64 MARKET ST,33.988009,-118.473198,POINT(-118.473198 33.988009)
HO952,6400 FRANKLIN AVE,34.105161,-118.330637,POINT(-118.330637 34.105161)
HO951,6400 FRANKLIN AVE,34.10516,-118.330702,POINT(-118.330702 34.10516)
SV940,6400 SUNSET BLVD,34.09789,-118.330726,POINT(-118.330726 34.09789)
SV941,6400 SUNSET BLVD,34.097891,-118.330644,POINT(-118.330644 34.097891)
SV942,6400 SUNSET BLVD,34.097891,-118.330579,POINT(-118.330579 34.097891)
HO500,6400 YUCCA ST,34.10387,-118.330445,POINT(-118.330445 34.10387)
HO501,6400 YUCCA ST,34.10387,-118.330371,POINT(-118.330371 34.10387)
HO505,6400 YUCCA ST,34.10387,-118.329987,POINT(-118.329987 34.10387)
HO499,6400 YUCCA ST,34.103867,-118.330584,POINT(-118.330584 34.103867)
HO498,6400 YUCCA ST,34.103867,-118.330665,POINT(-118.330665 34.103867)
HO496,6400 YUCCA ST,34.103865,-118.330835,POINT(-118.330835 34.103865)
HO249,6401 SELMA AVE,34.099832,-118.330493,POINT(-118.330493 34.099832)
SV79,6401 SUNSET BLVD,34.09809,-118.330468,POINT(-118.330468 34.09809)
SV77,6401 SUNSET BLVD,34.098092,-118.33031,POINT(-118.33031 34.098092)
SV78,6401 SUNSET BLVD,34.098091,-118.330374,POINT(-118.330374 34.098091)
SV73,6401 SUNSET BLVD,34.098092,-118.329963,POINT(-118.329963 34.098092)
SV72A,6401 SUNSET BLVD,34.098094,-118.329887,POINT(-118.329887 34.098094)
SV80,6401 SUNSET BLVD,34.09809,-118.330534,POINT(-118.330534 34.09809)
SV72,6401 SUNSET BLVD,34.098093,-118.329791,POINT(-118.329791 34.098093)
SV76,6401 SUNSET BLVD,34.098092,-118.330218,POINT(-118.330218 34.098092)
SV74,6401 SUNSET BLVD,34.098092,-118.330047,POINT(-118.330047 34.098092)
SV75,6401 SUNSET BLVD,34.098091,-118.330123,POINT(-118.330123 34.098091)
HO495A,6401 YUCCA ST,34.103977,-118.330819,POINT(-118.330819 34.103977)
HO495,6401 YUCCA ST,34.103975,-118.330729,POINT(-118.330729 34.103975)
HO492,6401 YUCCA ST,34.103979,-118.330353,POINT(-118.330353 34.103979)
66130,6409 HOLLYWOOD BLVD,34.101689,-118.330009,POINT(-118.330009 34.101689)
66129,6409 HOLLYWOOD BLVD,34.101687,-118.329934,POINT(-118.329934 34.101687)
66128,6409 HOLLYWOOD BLVD,34.10169,-118.329844,POINT(-118.329844 34.10169)
66127,6409 HOLLYWOOD BLVD,34.101691,-118.329768,POINT(-118.329768 34.101691)
66135,6417 HOLLYWOOD BLVD,34.101688,-118.330388,POINT(-118.330388 34.101688)
66134,6417 HOLLYWOOD BLVD,34.101686,-118.330308,POINT(-118.330308 34.101686)
66133,6417 HOLLYWOOD BLVD,34.101687,-118.330242,POINT(-118.330242 34.101687)
66132,6417 HOLLYWOOD BLVD,34.101686,-118.330157,POINT(-118.330157 34.101686)
66436,6420 HOLLYWOOD BLVD,34.101515,-118.330342,POINT(-118.330342 34.101515)
66435,6420 HOLLYWOOD BLVD,34.101514,-118.330407,POINT(-118.330407 34.101514)
66433,6420 HOLLYWOOD BLVD,34.101514,-118.330551,POINT(-118.330551 34.101514)
66431,6420 HOLLYWOOD BLVD,34.101513,-118.330718,POINT(-118.330718 34.101513)
CB4513,650 FRANCISCO ST,34.050254,-118.261016,POINT(-118.261016 34.050254)
CB4511,650 FRANCISCO ST,34.050147,-118.261121,POINT(-118.261121 34.050147)
CB4510,650 FRANCISCO ST,34.050085,-118.261185,POINT(-118.261185 34.050085)
CB4514,650 FRANCISCO ST,34.05031,-118.260963,POINT(-118.260963 34.05031)
CB4512,650 FRANCISCO ST,34.050207,-118.261064,POINT(-118.261064 34.050207)
HO1070,6500 SELMA AVE,34.099704,-118.332827,POINT(-118.332827 34.099704)
HO267,6500 SELMA AVE,34.09971,-118.331311,POINT(-118.331311 34.09971)
HO1068,6500 SELMA AVE,34.099703,-118.332974,POINT(-118.332974 34.099703)
HO1067,6500 SELMA AVE,34.099703,-118.333032,POINT(-118.333032 34.099703)
HO262,6500 SELMA AVE,34.099705,-118.332194,POINT(-118.332194 34.099705)
HO267A,6500 SELMA AVE,34.099711,-118.331242,POINT(-118.331242 34.099711)
HO1069,6500 SELMA AVE,34.099704,-118.332893,POINT(-118.332893 34.099704)
HO261,6500 SELMA AVE,34.099705,-118.332264,POINT(-118.332264 34.099705)
HO1071,6500 SELMA AVE,34.099703,-118.332766,POINT(-118.332766 34.099703)
SV211,6500 SUNSET BLVD,34.097887,-118.333006,POINT(-118.333006 34.097887)
SV218A,6500 SUNSET BLVD,34.097887,-118.331957,POINT(-118.331957 34.097887)
SV213,6500 SUNSET BLVD,34.097886,-118.332845,POINT(-118.332845 34.097886)
SV215,6500 SUNSET BLVD,34.097887,-118.33269,POINT(-118.33269 34.097887)
SV212,6500 SUNSET BLVD,34.097886,-118.332944,POINT(-118.332944 34.097886)
HO641,6501 HOLLYWOOD BLVD,34.101689,-118.332519,POINT(-118.332519 34.101689)
HO640,6501 HOLLYWOOD BLVD,34.101691,-118.332458,POINT(-118.332458 34.101691)
HO260A,6501 SELMA AVE,34.099827,-118.332201,POINT(-118.332201 34.099827)
HO253,6501 SELMA AVE,34.099827,-118.331349,POINT(-118.331349 34.099827)
HO252,6501 SELMA AVE,34.099829,-118.331282,POINT(-118.331282 34.099829)
HO260,6501 SELMA AVE,34.099826,-118.332137,POINT(-118.332137 34.099826)
HO258,6501 SELMA AVE,34.099826,-118.331881,POINT(-118.331881 34.099826)
HO1062,6501 SELMA AVE,34.099825,-118.332841,POINT(-118.332841 34.099825)
HO256,6501 SELMA AVE,34.099828,-118.331601,POINT(-118.331601 34.099828)
HO254,6501 SELMA AVE,34.099829,-118.331444,POINT(-118.331444 34.099829)
HO257,6501 SELMA AVE,34.099826,-118.331795,POINT(-118.331795 34.099826)
HO255,6501 SELMA AVE,34.099829,-118.33151,POINT(-118.33151 34.099829)
HO259A,6501 SELMA AVE,34.099825,-118.332042,POINT(-118.332042 34.099825)
SV110A,6501 SUNSET BLVD,34.098091,-118.331686,POINT(-118.331686 34.098091)
SV110,6501 SUNSET BLVD,34.098093,-118.331505,POINT(-118.331505 34.098093)
66149,6513 HOLLYWOOD BLVD,34.101677,-118.331403,POINT(-118.331403 34.101677)
66151,6513 HOLLYWOOD BLVD,34.101676,-118.331554,POINT(-118.331554 34.101676)
66152,6513 HOLLYWOOD BLVD,34.101677,-118.331623,POINT(-118.331623 34.101677)
66150,6513 HOLLYWOOD BLVD,34.101678,-118.331469,POINT(-118.331469 34.101678)
66154,6513 HOLLYWOOD BLVD,34.101674,-118.331779,POINT(-118.331779 34.101674)
66420,6520 HOLLYWOOD BLVD,34.101507,-118.331704,POINT(-118.331704 34.101507)
66419,6520 HOLLYWOOD BLVD,34.101505,-118.3318,POINT(-118.3318 34.101505)
66421,6520 HOLLYWOOD BLVD,34.101507,-118.331644,POINT(-118.331644 34.101507)
66415,6550 HOLLYWOOD BLVD,34.101496,-118.332715,POINT(-118.332715 34.101496)
66412,6550 HOLLYWOOD BLVD,34.101495,-118.332933,POINT(-118.332933 34.101495)
66414,6550 HOLLYWOOD BLVD,34.101496,-118.332776,POINT(-118.332776 34.101496)
SV206A,6600 SUNSET BLVD,34.097883,-118.333972,POINT(-118.333972 34.097883)
SV209,6600 SUNSET BLVD,34.097885,-118.333495,POINT(-118.333495 34.097885)
SV204,6600 SUNSET BLVD,34.097883,-118.334435,POINT(-118.334435 34.097883)
SV207A,6600 SUNSET BLVD,34.097884,-118.333818,POINT(-118.333818 34.097884)
SV207,6600 SUNSET BLVD,34.097884,-118.333877,POINT(-118.333877 34.097884)
SV201,6600 SUNSET BLVD,34.097882,-118.334819,POINT(-118.334819 34.097882)
SV208,6600 SUNSET BLVD,34.097885,-118.333559,POINT(-118.333559 34.097885)
SV197,6600 SUNSET BLVD,34.097883,-118.335919,POINT(-118.335919 34.097883)
SV202A,6600 SUNSET BLVD,34.097884,-118.334585,POINT(-118.334585 34.097884)
SV200,6600 SUNSET BLVD,34.097882,-118.334882,POINT(-118.334882 34.097882)
66173,6611 HOLLYWOOD BLVD,34.101666,-118.333733,POINT(-118.333733 34.101666)
66174,6611 HOLLYWOOD BLVD,34.101666,-118.333823,POINT(-118.333823 34.101666)
66404,6626 HOLLYWOOD BLVD,34.101488,-118.334239,POINT(-118.334239 34.101488)
66401,6626 HOLLYWOOD BLVD,34.101488,-118.334461,POINT(-118.334461 34.101488)
66407,6626 HOLLYWOOD BLVD,34.101491,-118.333989,POINT(-118.333989 34.101491)
66403,6626 HOLLYWOOD BLVD,34.101488,-118.334305,POINT(-118.334305 34.101488)
66402,6626 HOLLYWOOD BLVD,34.101487,-118.334401,POINT(-118.334401 34.101487)
66406,6626 HOLLYWOOD BLVD,34.101492,-118.334078,POINT(-118.334078 34.101492)
66184,6651 HOLLYWOOD BLVD,34.101653,-118.335554,POINT(-118.335554 34.101653)
66182,6651 HOLLYWOOD BLVD,34.101654,-118.335394,POINT(-118.335394 34.101654)
66183,6651 HOLLYWOOD BLVD,34.101654,-118.335485,POINT(-118.335485 34.101654)
66296,6666 HOLLYWOOD BLVD,34.101482,-118.335445,POINT(-118.335445 34.101482)
66295,6666 HOLLYWOOD BLVD,34.10148,-118.335541,POINT(-118.335541 34.10148)
66292,6666 HOLLYWOOD BLVD,34.101479,-118.335764,POINT(-118.335764 34.101479)
66297,6666 HOLLYWOOD BLVD,34.101482,-118.335379,POINT(-118.335379 34.101482)
66294,6666 HOLLYWOOD BLVD,34.101479,-118.335606,POINT(-118.335606 34.101479)
66298,6666 HOLLYWOOD BLVD,34.101482,-118.335286,POINT(-118.335286 34.101482)
SV819,6700 DE LONGPRE AVE,34.096113,-118.338264,POINT(-118.338264 34.096113)
SV821,6700 DE LONGPRE AVE,34.096119,-118.338149,POINT(-118.338149 34.096119)
HO21,6700 HOLLYWOOD BLVD,34.101457,-118.336767,POINT(-118.336767 34.101457)
SV795,6700 LEXINGTON AVE,34.092531,-118.337928,POINT(-118.337928 34.092531)
SV794,6700 LEXINGTON AVE,34.092531,-118.338098,POINT(-118.338098 34.092531)
HO878,6700 SELMA AVE,34.099647,-118.337899,POINT(-118.337899 34.099647)
HO877,6700 SELMA AVE,34.099646,-118.33815,POINT(-118.33815 34.099646)
HO876,6700 SELMA AVE,34.099646,-118.338218,POINT(-118.338218 34.099646)
SV192,6700 SUNSET BLVD,34.097877,-118.337004,POINT(-118.337004 34.097877)
SV191,6700 SUNSET BLVD,34.097876,-118.337094,POINT(-118.337094 34.097876)
SV187,6700 SUNSET BLVD,34.097877,-118.337766,POINT(-118.337766 34.097877)
SV797,6701 LEXINGTON AVE,34.092629,-118.338263,POINT(-118.338263 34.092629)
SV796,6701 LEXINGTON AVE,34.092631,-118.338163,POINT(-118.338163 34.092631)
HO879B,6701 SELMA AVE,34.099764,-118.337367,POINT(-118.337367 34.099764)
HO880A,6701 SELMA AVE,34.099765,-118.338349,POINT(-118.338349 34.099765)
HO880,6701 SELMA AVE,34.099765,-118.338265,POINT(-118.338265 34.099765)
HO879A,6701 SELMA AVE,34.099764,-118.33728,POINT(-118.33728 34.099764)
HO880B,6701 SELMA AVE,34.099781,-118.338306,POINT(-118.338306 34.099781)
HO880C,6701 SELMA AVE,34.099781,-118.338385,POINT(-118.338385 34.099781)
HO1,6750 HAWTHORN AVE,34.100506,-118.33778,POINT(-118.33778 34.100506)
HO1A,6750 HAWTHORN AVE,34.100506,-118.33771,POINT(-118.33771 34.100506)
SV791,6800 LEXINGTON AVE,34.092523,-118.339075,POINT(-118.339075 34.092523)
SV751,6800 SUNSET BLVD,34.097873,-118.339955,POINT(-118.339955 34.097873)
SV752A,6800 SUNSET BLVD,34.097874,-118.339638,POINT(-118.339638 34.097874)
SV749,6800 SUNSET BLVD,34.097872,-118.340264,POINT(-118.340264 34.097872)
SV789,6801 LEXINGTON AVE,34.092632,-118.33898,POINT(-118.33898 34.092632)
SV789B,6801 LEXINGTON AVE,34.092635,-118.33913,POINT(-118.33913 34.092635)
SV735,6900 SUNSET BLVD,34.097871,-118.340884,POINT(-118.340884 34.097871)
SV732,6900 SUNSET BLVD,34.097871,-118.34113,POINT(-118.34113 34.097871)
61440,70 WINDWARD AVE,33.987405,-118.472604,POINT(-118.472604 33.987405)
61445,70 WINDWARD AVE,33.987487,-118.472472,POINT(-118.472472 33.987487)
61441,70 WINDWARD AVE,33.987421,-118.472578,POINT(-118.472578 33.987421)
61442,70 WINDWARD AVE,33.987437,-118.472551,POINT(-118.472551 33.987437)
61443,70 WINDWARD AVE,33.987454,-118.472525,POINT(-118.472525 33.987454)
ED778,700 10TH ST,34.035491,-118.251259,POINT(-118.251259 34.035491)
AE7,700 4TH PL,34.044922,-118.237308,POINT(-118.237308 34.044922)
AE8,700 4TH PL,34.04496,-118.237352,POINT(-118.237352 34.04496)
CB1076,700 9TH ST,34.046115,-118.262443,POINT(-118.262443 34.046115)
CB1078,700 9TH ST,34.046109,-118.262257,POINT(-118.262257 34.046109)
CB1077,700 9TH ST,34.046111,-118.262343,POINT(-118.262343 34.046111)
CB1075,700 9TH ST,34.046117,-118.262516,POINT(-118.262516 34.046117)
CB896,700 FLOWER ST,34.047689,-118.259578,POINT(-118.259578 34.047689)
CB892A,700 FLOWER ST,34.04769,-118.25958,POINT(-118.25958 34.04769)
CB3573,700 GRAND AVE,34.045987,-118.257678,POINT(-118.257678 34.045987)
CB3570,700 GRAND AVE,34.046755,-118.256967,POINT(-118.256967 34.046755)
CB3570A,700 GRAND AVE,34.046312,-118.257378,POINT(-118.257378 34.046312)
CB3570B,700 GRAND AVE,34.046307,-118.257384,POINT(-118.257384 34.046307)
CB3571,700 GRAND AVE,34.04619,-118.257491,POINT(-118.257491 34.04619)
CB2950,700 HILL ST,34.045311,-118.254881,POINT(-118.254881 34.045311)
CB2954,700 HILL ST,34.04619,-118.23997,POINT(-118.23997 34.04619)
CB1403A,700 HOPE ST,34.047205,-118.258303,POINT(-118.258303 34.047205)
CB1404A,700 HOPE ST,34.047508,-118.258017,POINT(-118.258017 34.047508)
CB1402A,700 HOPE ST,34.046832,-118.258653,POINT(-118.258653 34.046832)
CB1403C,700 HOPE ST,34.047304,-118.25821,POINT(-118.25821 34.047304)
CB1405A,700 HOPE ST,34.047604,-118.257927,POINT(-118.257927 34.047604)
CB1686,700 LOS ANGELES ST,34.042278,-118.251626,POINT(-118.251626 34.042278)
CB1687,700 LOS ANGELES ST,34.04231,-118.251582,POINT(-118.251582 34.04231)
CB1692,700 LOS ANGELES ST,34.042759,-118.250978,POINT(-118.250978 34.042759)
CB1683,700 LOS ANGELES ST,34.042127,-118.251847,POINT(-118.251847 34.042127)
CB1694,700 LOS ANGELES ST,34.042934,-118.250742,POINT(-118.250742 34.042934)
CB1689,700 LOS ANGELES ST,34.042397,-118.251465,POINT(-118.251465 34.042397)
CB1685,700 LOS ANGELES ST,34.042225,-118.251699,POINT(-118.251699 34.042225)
CB1682,700 LOS ANGELES ST,34.042111,-118.251869,POINT(-118.251869 34.042111)
CB1680,700 LOS ANGELES ST,34.042038,-118.251983,POINT(-118.251983 34.042038)
CB3687,700 MAIN ST,34.043498,-118.251858,POINT(-118.251858 34.043498)
CB3688,700 MAIN ST,34.043528,-118.251811,POINT(-118.251811 34.043528)
CB3686,700 MAIN ST,34.043052,-118.25254,POINT(-118.25254 34.043052)
CB3686A,700 MAIN ST,34.043144,-118.252428,POINT(-118.252428 34.043144)
CB4303,700 MAPLE AVE,34.042004,-118.24968,POINT(-118.24968 34.042004)
CB4305,700 MAPLE AVE,34.042094,-118.249576,POINT(-118.249576 34.042094)
CB4304,700 MAPLE AVE,34.04206,-118.249616,POINT(-118.249616 34.04206)
CT565,700 NEW HIGH ST,34.061587,-118.237809,POINT(-118.237809 34.061587)
CT551,700 NEW HIGH ST,34.060728,-118.238229,POINT(-118.238229 34.060728)
CT559,700 NEW HIGH ST,34.061225,-118.237986,POINT(-118.237986 34.061225)
CT562,700 NEW HIGH ST,34.061415,-118.237893,POINT(-118.237893 34.061415)
CT67,700 NEW HIGH ST,34.060315,-118.238431,POINT(-118.238431 34.060315)
CT563,700 NEW HIGH ST,34.06147,-118.237864,POINT(-118.237864 34.06147)
CT560,700 NEW HIGH ST,34.061292,-118.237953,POINT(-118.237953 34.061292)
CT561,700 NEW HIGH ST,34.061338,-118.237932,POINT(-118.237932 34.061338)
CB1212,700 OLIVE ST,34.045996,-118.255958,POINT(-118.255958 34.045996)
CB1214,700 OLIVE ST,34.046097,-118.255865,POINT(-118.255865 34.046097)
CB1208,700 OLIVE ST,34.045597,-118.256335,POINT(-118.256335 34.045597)
CB1213,700 OLIVE ST,34.046052,-118.255939,POINT(-118.255939 34.046052)
SP308,700 PACIFIC AVE,33.737198,-118.287818,POINT(-118.287818 33.737198)
SP307,700 PACIFIC AVE,33.737144,-118.287817,POINT(-118.287817 33.737144)
SP309,700 PACIFIC AVE,33.737277,-118.287816,POINT(-118.287816 33.737277)
CB2223A,700 SAN JULIAN ST,34.040138,-118.24867,POINT(-118.24867 34.040138)
CB2223,700 SAN JULIAN ST,34.03979,-118.249088,POINT(-118.249088 34.03979)
CB2224,700 SAN JULIAN ST,34.040189,-118.248605,POINT(-118.248605 34.040189)
CB2225,700 SAN JULIAN ST,34.040354,-118.248404,POINT(-118.248404 34.040354)
CB2420,700 SAN PEDRO ST,34.038828,-118.248596,POINT(-118.248596 34.038828)
CB2421,700 SAN PEDRO ST,34.038883,-118.248536,POINT(-118.248536 34.038883)
CB2643,700 SAN PEDRO ST,34.039999,-118.247364,POINT(-118.247364 34.039999)
CB2641,700 SAN PEDRO ST,34.039807,-118.247567,POINT(-118.247567 34.039807)
CB2424,700 SAN PEDRO ST,34.039238,-118.248162,POINT(-118.248162 34.039238)
CB2641A,700 SAN PEDRO ST,34.039846,-118.247526,POINT(-118.247526 34.039846)
CB2422,700 SAN PEDRO ST,34.039074,-118.248334,POINT(-118.248334 34.039074)
CB2644,700 SAN PEDRO ST,34.040044,-118.247317,POINT(-118.247317 34.040044)
CB2640,700 SAN PEDRO ST,34.039747,-118.247628,POINT(-118.247628 34.039747)
CB2426,700 SAN PEDRO ST,34.039315,-118.248081,POINT(-118.248081 34.039315)
CB2637,700 SAN PEDRO ST,34.039608,-118.247775,POINT(-118.247775 34.039608)
CB4382,700 SPRING ST,34.044064,-118.252614,POINT(-118.252614 34.044064)
CB4390,700 SPRING ST,34.043371,-118.253245,POINT(-118.253245 34.043371)
CB4383,700 SPRING ST,34.044023,-118.252653,POINT(-118.252653 34.044023)
CB4388,700 SPRING ST,34.043516,-118.253125,POINT(-118.253125 34.043516)
CB4391,700 SPRING ST,34.043374,-118.253258,POINT(-118.253258 34.043374)
CB4386,700 SPRING ST,34.043711,-118.25293,POINT(-118.25293 34.043711)
CB4387,700 SPRING ST,34.043692,-118.252961,POINT(-118.252961 34.043692)
AE382,700 TEMPLE ST,34.050065,-118.232796,POINT(-118.232796 34.050065)
AE385,700 TEMPLE ST,34.050022,-118.232474,POINT(-118.232474 34.050022)
AE384,700 TEMPLE ST,34.050033,-118.232548,POINT(-118.232548 34.050033)
AE383,700 TEMPLE ST,34.050056,-118.232734,POINT(-118.232734 34.050056)
AE381,700 TEMPLE ST,34.050073,-118.232861,POINT(-118.232861 34.050073)
CB2555,700 WALL ST,34.040248,-118.250186,POINT(-118.250186 34.040248)
CB2557B,700 WALL ST,34.040441,-118.24998,POINT(-118.24998 34.040441)
CB2572,700 WALL ST,34.041533,-118.248819,POINT(-118.248819 34.041533)
CT448,700 YALE ST,34.062789,-118.2409,POINT(-118.2409 34.062789)
CT436,700 YALE ST,34.061715,-118.241442,POINT(-118.241442 34.061715)
CT455,700 YALE ST,34.063002,-118.240795,POINT(-118.240795 34.063002)
CT447,700 YALE ST,34.062587,-118.241004,POINT(-118.241004 34.062587)
CT438A,700 YALE ST,34.061863,-118.241368,POINT(-118.241368 34.061863)
CT439A,700 YALE ST,34.061926,-118.241336,POINT(-118.241336 34.061926)
CT447A,700 YALE ST,34.062616,-118.24099,POINT(-118.24099 34.062616)
CT453,700 YALE ST,34.062943,-118.240823,POINT(-118.240823 34.062943)
CT452,700 YALE ST,34.062914,-118.240838,POINT(-118.240838 34.062914)
CT449A,700 YALE ST,34.062823,-118.240883,POINT(-118.240883 34.062823)
CT435A,700 YALE ST,34.061688,-118.241457,POINT(-118.241457 34.061688)
CT442,700 YALE ST,34.062005,-118.241297,POINT(-118.241297 34.062005)
CT441,700 YALE ST,34.061982,-118.241309,POINT(-118.241309 34.061982)
CT443,700 YALE ST,34.062338,-118.241129,POINT(-118.241129 34.062338)
CT434,700 YALE ST,34.061601,-118.241501,POINT(-118.241501 34.061601)
CT438,700 YALE ST,34.061842,-118.241363,POINT(-118.241363 34.061842)
CT440,700 YALE ST,34.061954,-118.241322,POINT(-118.241322 34.061954)
CT437A,700 YALE ST,34.061808,-118.241396,POINT(-118.241396 34.061808)
CT454,700 YALE ST,34.062972,-118.240809,POINT(-118.240809 34.062972)
CT436A,700 YALE ST,34.06175,-118.241423,POINT(-118.241423 34.06175)
SV691,7000 DE LONGPRE AVE,34.096105,-118.343668,POINT(-118.343668 34.096105)
SV689,7000 DE LONGPRE AVE,34.096104,-118.343822,POINT(-118.343822 34.096104)
SV690,7000 DE LONGPRE AVE,34.096104,-118.343759,POINT(-118.343759 34.096104)
SV719,7000 SUNSET BLVD,34.097869,-118.342243,POINT(-118.342243 34.097869)
SV720,7000 SUNSET BLVD,34.097868,-118.342151,POINT(-118.342151 34.097868)
SV693,7001 DE LONGPRE AVE,34.096207,-118.342784,POINT(-118.342784 34.096207)
SV694,7001 DE LONGPRE AVE,34.096206,-118.343173,POINT(-118.343173 34.096206)
SV694A,7001 DE LONGPRE AVE,34.096206,-118.343238,POINT(-118.343238 34.096206)
SV693A,7001 DE LONGPRE AVE,34.096206,-118.342999,POINT(-118.342999 34.096206)
SV696B,7001 DE LONGPRE AVE,34.096205,-118.343844,POINT(-118.343844 34.096205)
SV695,7001 DE LONGPRE AVE,34.096206,-118.343322,POINT(-118.343322 34.096206)
SV695A,7001 DE LONGPRE AVE,34.096205,-118.343385,POINT(-118.343385 34.096205)
SV696,7001 DE LONGPRE AVE,34.096206,-118.343465,POINT(-118.343465 34.096206)
SV696A,7001 DE LONGPRE AVE,34.096204,-118.34378,POINT(-118.34378 34.096204)
HO1058,7001 HAWTHORN AVE,34.100392,-118.344232,POINT(-118.344232 34.100392)
HO1057,7001 HAWTHORN AVE,34.100392,-118.344146,POINT(-118.344146 34.100392)
HO1056,7001 HAWTHORN AVE,34.100391,-118.344083,POINT(-118.344083 34.100391)
SV634,7001 SUNSET BLVD,34.098069,-118.343418,POINT(-118.343418 34.098069)
SV635,7001 SUNSET BLVD,34.098069,-118.343484,POINT(-118.343484 34.098069)
SV631,7001 SUNSET BLVD,34.098071,-118.343049,POINT(-118.343049 34.098071)
SV633,7001 SUNSET BLVD,34.098069,-118.343208,POINT(-118.343208 34.098069)
SV629,7001 SUNSET BLVD,34.098071,-118.342848,POINT(-118.342848 34.098071)
SV630,7001 SUNSET BLVD,34.09807,-118.342986,POINT(-118.342986 34.09807)
SV626,7001 SUNSET BLVD,34.09807,-118.342458,POINT(-118.342458 34.09807)
SV622,7001 SUNSET BLVD,34.098072,-118.341805,POINT(-118.341805 34.098072)
SV623,7001 SUNSET BLVD,34.098073,-118.341867,POINT(-118.341867 34.098073)
SV621,7001 SUNSET BLVD,34.098073,-118.341748,POINT(-118.341748 34.098073)
CB4474,701 BROADWAY,34.044214,-118.254395,POINT(-118.254395 34.044214)
SP354,701 CENTRE ST,33.737582,-118.283612,POINT(-118.283612 33.737582)
SP355,701 CENTRE ST,33.737507,-118.283611,POINT(-118.283611 33.737507)
SP353,701 CENTRE ST,33.737638,-118.283612,POINT(-118.283612 33.737638)
CT609,701 FIGUEROA ST,34.063852,-118.245747,POINT(-118.245747 34.063852)
CB35,701 FLOWER ST,34.047952,-118.259604,POINT(-118.259604 34.047952)
CB36,701 FLOWER ST,34.047913,-118.25964,POINT(-118.25964 34.047913)
CB3565,701 GRAND AVE,34.046331,-118.257608,POINT(-118.257608 34.046331)
CB3564,701 GRAND AVE,34.046371,-118.25757,POINT(-118.25757 34.046371)
CB2959,701 HILL ST,34.044957,-118.255463,POINT(-118.255463 34.044957)
CB2960,701 HILL ST,34.044915,-118.2555,POINT(-118.2555 34.044915)
AE632,701 JACKSON ST,34.051109,-118.232999,POINT(-118.232999 34.051109)
AE627,701 JACKSON ST,34.051046,-118.232534,POINT(-118.232534 34.051046)
AE624,701 JACKSON ST,34.051019,-118.232332,POINT(-118.232332 34.051019)
AE630,701 JACKSON ST,34.051091,-118.232864,POINT(-118.232864 34.051091)
AE623,701 JACKSON ST,34.051009,-118.232261,POINT(-118.232261 34.051009)
AE625,701 JACKSON ST,34.051027,-118.232397,POINT(-118.232397 34.051027)
AE626,701 JACKSON ST,34.051038,-118.232471,POINT(-118.232471 34.051038)
CB1492,701 LOS ANGELES ST,34.042314,-118.251824,POINT(-118.251824 34.042314)
CB1493,701 LOS ANGELES ST,34.042262,-118.251902,POINT(-118.251902 34.042262)
CB1488,701 LOS ANGELES ST,34.042787,-118.25118,POINT(-118.25118 34.042787)
CB3678B,701 MAIN ST,34.043153,-118.252732,POINT(-118.252732 34.043153)
CB3678D,701 MAIN ST,34.043248,-118.252594,POINT(-118.252594 34.043248)
CB3678A,701 MAIN ST,34.043115,-118.252794,POINT(-118.252794 34.043115)
CB712,701 MAPLE AVE,34.041177,-118.250873,POINT(-118.250873 34.041177)
CB713,701 MAPLE AVE,34.041079,-118.250983,POINT(-118.250983 34.041079)
CB708,701 MAPLE AVE,34.041487,-118.250526,POINT(-118.250526 34.041487)
CB705,701 MAPLE AVE,34.042296,-118.249614,POINT(-118.249614 34.042296)
CB709,701 MAPLE AVE,34.041455,-118.250561,POINT(-118.250561 34.041455)
CB705A,701 MAPLE AVE,34.042151,-118.249777,POINT(-118.249777 34.042151)
CB711A,701 MAPLE AVE,34.04108,-118.250983,POINT(-118.250983 34.04108)
CT572,701 NEW HIGH ST,34.06074,-118.238379,POINT(-118.238379 34.06074)
CT570A,701 NEW HIGH ST,34.061208,-118.238148,POINT(-118.238148 34.061208)
CT568,701 NEW HIGH ST,34.061578,-118.237968,POINT(-118.237968 34.061578)
CT574,701 NEW HIGH ST,34.060501,-118.238496,POINT(-118.238496 34.060501)
CT575,701 NEW HIGH ST,34.060457,-118.238518,POINT(-118.238518 34.060457)
CT571,701 NEW HIGH ST,34.060788,-118.238355,POINT(-118.238355 34.060788)
CT570,701 NEW HIGH ST,34.061261,-118.238122,POINT(-118.238122 34.061261)
SP109,701 PACIFIC AVE,33.737575,-118.288011,POINT(-118.288011 33.737575)
SP111,701 PACIFIC AVE,33.737442,-118.28801,POINT(-118.28801 33.737442)
SP112,701 PACIFIC AVE,33.737387,-118.28801,POINT(-118.28801 33.737387)
SP108,701 PACIFIC AVE,33.737649,-118.288011,POINT(-118.288011 33.737649)
SP113,701 PACIFIC AVE,33.73726,-118.288012,POINT(-118.288012 33.73726)
CB2188,701 SAN JULIAN ST,34.040754,-118.248122,POINT(-118.248122 34.040754)
CB2192,701 SAN JULIAN ST,34.040455,-118.248485,POINT(-118.248485 34.040455)
CB2190,701 SAN JULIAN ST,34.040663,-118.248233,POINT(-118.248233 34.040663)
CB2189,701 SAN JULIAN ST,34.040717,-118.248169,POINT(-118.248169 34.040717)
CB2279,701 SAN PEDRO ST,34.039169,-118.248521,POINT(-118.248521 34.039169)
CB2743,701 SAN PEDRO ST,34.039951,-118.247703,POINT(-118.247703 34.039951)
CB2277,701 SAN PEDRO ST,34.039433,-118.248247,POINT(-118.248247 34.039433)
AE390,701 TEMPLE ST,34.05015,-118.232636,POINT(-118.232636 34.05015)
AE388,701 TEMPLE ST,34.050132,-118.232502,POINT(-118.232502 34.050132)
AE392,701 TEMPLE ST,34.050169,-118.232773,POINT(-118.232773 34.050169)
AE389,701 TEMPLE ST,34.050141,-118.232568,POINT(-118.232568 34.050141)
AE391,701 TEMPLE ST,34.050159,-118.232707,POINT(-118.232707 34.050159)
CB2547,701 WALL ST,34.040869,-118.249716,POINT(-118.249716 34.040869)
CB2545,701 WALL ST,34.041005,-118.249569,POINT(-118.249569 34.041005)
CB2544,701 WALL ST,34.041062,-118.249508,POINT(-118.249508 34.041062)
CB2548,701 WALL ST,34.040812,-118.249775,POINT(-118.249775 34.040812)
CB2540,701 WALL ST,34.041329,-118.249227,POINT(-118.249227 34.041329)
CB2538,701 WALL ST,34.04142,-118.249129,POINT(-118.249129 34.04142)
CB2536,701 WALL ST,34.04152,-118.249021,POINT(-118.249021 34.04152)
66342,7065 HOLLYWOOD BLVD,34.101626,-118.343862,POINT(-118.343862 34.101626)
66340,7065 HOLLYWOOD BLVD,34.101627,-118.343712,POINT(-118.343712 34.101627)
66341,7065 HOLLYWOOD BLVD,34.101627,-118.343796,POINT(-118.343796 34.101627)
66203,7074 HOLLYWOOD BLVD,34.101443,-118.344314,POINT(-118.344314 34.101443)
66202,7074 HOLLYWOOD BLVD,34.101436,-118.344379,POINT(-118.344379 34.101436)
66346,7083 HOLLYWOOD BLVD,34.101627,-118.344212,POINT(-118.344212 34.101627)
66345,7083 HOLLYWOOD BLVD,34.101626,-118.344152,POINT(-118.344152 34.101626)
SV947,7100 DE LONGPRE AVE,34.096106,-118.344456,POINT(-118.344456 34.096106)
HO1032,7100 HAWTHORN AVE,34.099734,-118.345074,POINT(-118.345074 34.099734)
SV661,7101 DE LONGPRE AVE,34.096207,-118.344441,POINT(-118.344441 34.096207)
SV663,7101 DE LONGPRE AVE,34.096207,-118.344601,POINT(-118.344601 34.096207)
SV662,7101 DE LONGPRE AVE,34.096207,-118.34454,POINT(-118.34454 34.096207)
HO1031A,7101 HAWTHORN AVE,34.099836,-118.344936,POINT(-118.344936 34.099836)
C1142,800 32ND ST,34.025373,-118.283398,POINT(-118.283398 34.025373)
C1141,800 32ND ST,34.025389,-118.283449,POINT(-118.283449 34.025389)
C1144,800 32ND ST,34.025318,-118.283263,POINT(-118.283263 34.025318)
C1140,800 32ND ST,34.02541,-118.283551,POINT(-118.283551 34.02541)
C1145,800 32ND ST,34.025226,-118.283059,POINT(-118.283059 34.025226)
C1143,800 32ND ST,34.025342,-118.283319,POINT(-118.283319 34.025342)
C1139,800 32ND ST,34.025416,-118.283612,POINT(-118.283612 34.025416)
CB4482A,800 BROADWAY,34.043432,-118.254951,POINT(-118.254951 34.043432)
CB3929B,800 CECILIA ST,34.040186,-118.251095,POINT(-118.251095 34.040186)
CB3929C,800 CECILIA ST,34.040221,-118.251051,POINT(-118.251051 34.040221)
CB3927D,800 CECILIA ST,34.039493,-118.25199,POINT(-118.25199 34.039493)
CB3927E,800 CECILIA ST,34.039533,-118.25194,POINT(-118.25194 34.039533)
CB3927C,800 CECILIA ST,34.039447,-118.252052,POINT(-118.252052 34.039447)
CB3927B,800 CECILIA ST,34.039412,-118.252096,POINT(-118.252096 34.039412)
CB3927F,800 CECILIA ST,34.039673,-118.251762,POINT(-118.251762 34.039673)
CB3928F,800 CECILIA ST,34.039967,-118.251382,POINT(-118.251382 34.039967)
CB3929,800 CECILIA ST,34.040015,-118.251319,POINT(-118.251319 34.040015)
CB3928E,800 CECILIA ST,34.039931,-118.25143,POINT(-118.25143 34.039931)
CB3927A,800 CECILIA ST,34.039361,-118.252162,POINT(-118.252162 34.039361)
CB3929D,800 CECILIA ST,34.040272,-118.250986,POINT(-118.250986 34.040272)
CB3928A,800 CECILIA ST,34.039758,-118.251651,POINT(-118.251651 34.039758)
CC1028,800 CESAR E CHAVEZ AVE,34.061763,-118.24541,POINT(-118.24541 34.061763)
CB107,800 FIGUEROA ST,34.047167,-118.261764,POINT(-118.261764 34.047167)
CB101,800 FIGUEROA ST,34.046801,-118.2621,POINT(-118.2621 34.046801)
CB99,800 FIGUEROA ST,34.046701,-118.262188,POINT(-118.262188 34.046701)
CB102,800 FIGUEROA ST,34.046855,-118.262047,POINT(-118.262047 34.046855)
CB104,800 FIGUEROA ST,34.046953,-118.261958,POINT(-118.261958 34.046953)
CB106,800 FIGUEROA ST,34.04706,-118.261855,POINT(-118.261855 34.04706)
CB105,800 FIGUEROA ST,34.04699,-118.261921,POINT(-118.261921 34.04699)
CB98,800 FIGUEROA ST,34.046649,-118.262244,POINT(-118.262244 34.046649)
CB905A,800 FLOWER ST,34.046415,-118.260762,POINT(-118.260762 34.046415)
CB898,800 FLOWER ST,34.046991,-118.260205,POINT(-118.260205 34.046991)
CB902,800 FLOWER ST,34.046789,-118.260393,POINT(-118.260393 34.046789)
CB3592,800 GRAND AVE,34.044688,-118.2589,POINT(-118.2589 34.044688)
CB3591,800 GRAND AVE,34.044971,-118.258636,POINT(-118.258636 34.044971)
CB3590,800 GRAND AVE,34.045012,-118.258597,POINT(-118.258597 34.045012)
CT268,800 HILL ST,34.063344,-118.239148,POINT(-118.239148 34.063344)
CB2962,800 HILL ST,34.043379,-118.256675,POINT(-118.256675 34.043379)
CB2963,800 HILL ST,34.043423,-118.256635,POINT(-118.256635 34.043423)
CB1394,800 HOPE ST,34.045328,-118.260059,POINT(-118.260059 34.045328)
CB1396,800 HOPE ST,34.045427,-118.259966,POINT(-118.259966 34.045427)
CB1397A,800 HOPE ST,34.045834,-118.259583,POINT(-118.259583 34.045834)
CB1398,800 HOPE ST,34.045895,-118.259526,POINT(-118.259526 34.045895)
CB1394A,800 HOPE ST,34.045385,-118.260037,POINT(-118.260037 34.045385)
CB1399,800 HOPE ST,34.046087,-118.259349,POINT(-118.259349 34.046087)
CB1398A,800 HOPE ST,34.046023,-118.259406,POINT(-118.259406 34.046023)
CB1396A,800 HOPE ST,34.045629,-118.259778,POINT(-118.259778 34.045629)
CB1664,800 LOS ANGELES ST,34.040906,-118.253719,POINT(-118.253719 34.040906)
CB1665,800 LOS ANGELES ST,34.040938,-118.253671,POINT(-118.253671 34.040938)
CB1675,800 LOS ANGELES ST,34.041533,-118.252767,POINT(-118.252767 34.041533)
CB1666,800 LOS ANGELES ST,34.040983,-118.253603,POINT(-118.253603 34.040983)
CB1676,800 LOS ANGELES ST,34.041566,-118.252719,POINT(-118.252719 34.041566)
CB3676,800 MAIN ST,34.042321,-118.253672,POINT(-118.253672 34.042321)
CB690,800 MAPLE AVE,34.03988,-118.25217,POINT(-118.25217 34.03988)
CB693,800 MAPLE AVE,34.04008,-118.251938,POINT(-118.251938 34.04008)
CB702,800 MAPLE AVE,34.040511,-118.25144,POINT(-118.25144 34.040511)
CB687,800 MAPLE AVE,34.03969,-118.252389,POINT(-118.252389 34.03969)
CB689,800 MAPLE AVE,34.039786,-118.25228,POINT(-118.25228 34.039786)
CB698,800 MAPLE AVE,34.040319,-118.251662,POINT(-118.251662 34.040319)
CB696,800 MAPLE AVE,34.040221,-118.251776,POINT(-118.251776 34.040221)
CB689A,800 MAPLE AVE,34.039823,-118.252237,POINT(-118.252237 34.039823)
CB691,800 MAPLE AVE,34.03992,-118.252123,POINT(-118.252123 34.03992)
CB692A,800 MAPLE AVE,34.040026,-118.252001,POINT(-118.252001 34.040026)
CB692,800 MAPLE AVE,34.039977,-118.252057,POINT(-118.252057 34.039977)
CB695,800 MAPLE AVE,34.040179,-118.251824,POINT(-118.251824 34.040179)
CT112,800 NORTH BROADWAY,34.062972,-118.237888,POINT(-118.237888 34.062972)
CB3626,800 OLIVE ST,34.044111,-118.257721,POINT(-118.257721 34.044111)
CB3627,800 OLIVE ST,34.044327,-118.257571,POINT(-118.257571 34.044327)
CB3628A,800 OLIVE ST,34.044571,-118.257327,POINT(-118.257327 34.044571)
CB3628,800 OLIVE ST,34.044521,-118.257372,POINT(-118.257372 34.044521)
CB3626A,800 OLIVE ST,34.044187,-118.257681,POINT(-118.257681 34.044187)
SP268,800 PACIFIC AVE,33.736298,-118.287822,POINT(-118.287822 33.736298)
SP272,800 PACIFIC AVE,33.736563,-118.287818,POINT(-118.287818 33.736563)
SP271,800 PACIFIC AVE,33.736507,-118.28782,POINT(-118.28782 33.736507)
SP270,800 PACIFIC AVE,33.736432,-118.28782,POINT(-118.28782 33.736432)
SP274,800 PACIFIC AVE,33.736693,-118.287819,POINT(-118.287819 33.736693)
CB2214,800 SAN JULIAN ST,34.038634,-118.250448,POINT(-118.250448 34.038634)
CB2215,800 SAN JULIAN ST,34.03883,-118.250221,POINT(-118.250221 34.03883)
CB2213A,800 SAN JULIAN ST,34.038595,-118.250493,POINT(-118.250493 34.038595)
CB2415,800 SAN PEDRO ST,34.037916,-118.249549,POINT(-118.249549 34.037916)
CB3842,800 SANTEE ST,34.04044,-118.252735,POINT(-118.252735 34.04044)
CB3841,800 SANTEE ST,34.040406,-118.252777,POINT(-118.252777 34.040406)
CB3837,800 SANTEE ST,34.040236,-118.252998,POINT(-118.252998 34.040236)
CB3838,800 SANTEE ST,34.040268,-118.252957,POINT(-118.252957 34.040268)
CB3850,800 SANTEE ST,34.040982,-118.252033,POINT(-118.252033 34.040982)
CB3848,800 SANTEE ST,34.040899,-118.252136,POINT(-118.252136 34.040899)
CB3846,800 SANTEE ST,34.040727,-118.252361,POINT(-118.252361 34.040727)
CB3843,800 SANTEE ST,34.04049,-118.252667,POINT(-118.252667 34.04049)
CB3849,800 SANTEE ST,34.040947,-118.252074,POINT(-118.252074 34.040947)
CB4397A,800 SPRING ST,34.042606,-118.253975,POINT(-118.253975 34.042606)
CB4395,800 SPRING ST,34.042808,-118.253791,POINT(-118.253791 34.042808)
CB645B,800 WALL ST,34.039097,-118.251412,POINT(-118.251412 34.039097)
CB647,800 WALL ST,34.039763,-118.250704,POINT(-118.250704 34.039763)
CB647A,800 WALL ST,34.039821,-118.250641,POINT(-118.250641 34.039821)
CB646A,800 WALL ST,34.039278,-118.251219,POINT(-118.251219 34.039278)
CB647B,800 WALL ST,34.039925,-118.25053,POINT(-118.25053 34.039925)
CB644B,800 WALL ST,34.038924,-118.251596,POINT(-118.251596 34.038924)
CB644A,800 WALL ST,34.038865,-118.251659,POINT(-118.251659 34.038865)
CB645A,800 WALL ST,34.039059,-118.251454,POINT(-118.251454 34.039059)
CT457,800 YALE ST,34.063406,-118.24059,POINT(-118.24059 34.063406)
CT456,800 YALE ST,34.063335,-118.240626,POINT(-118.240626 34.063335)
CB91,801 FIGUEROA ST,34.046989,-118.262176,POINT(-118.262176 34.046989)
CB3578,801 GRAND AVE,34.045273,-118.2586,POINT(-118.2586 34.045273)
CB3584,801 GRAND AVE,34.044659,-118.25918,POINT(-118.25918 34.044659)
CB3582A,801 GRAND AVE,34.044752,-118.25909,POINT(-118.25909 34.044752)
CB3580,801 GRAND AVE,34.045011,-118.258846,POINT(-118.258846 34.045011)
CB3583,801 GRAND AVE,34.04496,-118.258895,POINT(-118.258895 34.04496)
CB3575,801 GRAND AVE,34.045422,-118.258459,POINT(-118.258459 34.045422)
CB3577,801 GRAND AVE,34.045327,-118.25855,POINT(-118.25855 34.045327)
CB3574,801 GRAND AVE,34.04546,-118.258424,POINT(-118.258424 34.04546)
CB3583A,801 GRAND AVE,34.044702,-118.259138,POINT(-118.259138 34.044702)
CB3581A,801 GRAND AVE,34.044861,-118.258988,POINT(-118.258988 34.044861)
CB3579,801 GRAND AVE,34.04523,-118.25864,POINT(-118.25864 34.04523)
CB2970A,801 HILL ST,34.043545,-118.256772,POINT(-118.256772 34.043545)
CB2970,801 HILL ST,34.043585,-118.256734,POINT(-118.256734 34.043585)
CB2972,801 HILL ST,34.043293,-118.257004,POINT(-118.257004 34.043293)
CB2971,801 HILL ST,34.043352,-118.256948,POINT(-118.256948 34.043352)
CB1430,801 HOPE ST,34.045494,-118.260124,POINT(-118.260124 34.045494)
CB1429,801 HOPE ST,34.045539,-118.260081,POINT(-118.260081 34.045539)
CB1426,801 HOPE ST,34.045824,-118.25984,POINT(-118.25984 34.045824)
CB1509,801 LOS ANGELES ST,34.041208,-118.25351,POINT(-118.25351 34.041208)
CB1496,801 LOS ANGELES ST,34.041838,-118.252562,POINT(-118.252562 34.041838)
CB1497,801 LOS ANGELES ST,34.041807,-118.252608,POINT(-118.252608 34.041807)
CB1498,801 LOS ANGELES ST,34.04176,-118.252682,POINT(-118.252682 34.04176)
CB1499,801 LOS ANGELES ST,34.041729,-118.252731,POINT(-118.252731 34.041729)
CB1507,801 LOS ANGELES ST,34.041292,-118.253384,POINT(-118.253384 34.041292)
CB1512,801 LOS ANGELES ST,34.041081,-118.253705,POINT(-118.253705 34.041081)
CB3670A,801 MAIN ST,34.042452,-118.253785,POINT(-118.253785 34.042452)
CB3669,801 MAIN ST,34.042299,-118.254023,POINT(-118.254023 34.042299)
CB3670,801 MAIN ST,34.042331,-118.253973,POINT(-118.253973 34.042331)
CB717A,801 MAPLE AVE,34.040402,-118.251761,POINT(-118.251761 34.040402)
CB718,801 MAPLE AVE,34.040363,-118.251808,POINT(-118.251808 34.040363)
CB723,801 MAPLE AVE,34.039703,-118.252575,POINT(-118.252575 34.039703)
CB721,801 MAPLE AVE,34.039795,-118.252465,POINT(-118.252465 34.039795)
CB720A,801 MAPLE AVE,34.039849,-118.252403,POINT(-118.252403 34.039849)
CB720,801 MAPLE AVE,34.039889,-118.252358,POINT(-118.252358 34.039889)
CB722,801 MAPLE AVE,34.039759,-118.252509,POINT(-118.252509 34.039759)
CB716,801 MAPLE AVE,34.040575,-118.251561,POINT(-118.251561 34.040575)
CB718A,801 MAPLE AVE,34.040313,-118.251864,POINT(-118.251864 34.040313)
CB716A,801 MAPLE AVE,34.040537,-118.251604,POINT(-118.251604 34.040537)
CB717,801 MAPLE AVE,34.040452,-118.251705,POINT(-118.251705 34.040452)
CB1602,801 OLYMPIC BLVD,34.045227,-118.264503,POINT(-118.264503 34.045227)
SP120,801 PACIFIC AVE,33.736638,-118.288016,POINT(-118.288016 33.736638)
SP119,801 PACIFIC AVE,33.736711,-118.288016,POINT(-118.288016 33.736711)
CB2206,801 SAN JULIAN ST,34.038874,-118.25037,POINT(-118.25037 34.038874)
CB2211,801 SAN JULIAN ST,34.038365,-118.250952,POINT(-118.250952 34.038365)
CB2207,801 SAN JULIAN ST,34.038735,-118.250527,POINT(-118.250527 34.038735)
CB2205,801 SAN JULIAN ST,34.038953,-118.250277,POINT(-118.250277 34.038953)
CB2284C,801 SAN PEDRO ST,34.038157,-118.249583,POINT(-118.249583 34.038157)
CB2284,801 SAN PEDRO ST,34.038371,-118.249359,POINT(-118.249359 34.038371)
CB2285A,801 SAN PEDRO ST,34.03782,-118.249937,POINT(-118.249937 34.03782)
CB2284B,801 SAN PEDRO ST,34.038279,-118.249454,POINT(-118.249454 34.038279)
CB3824,801 SANTEE ST,34.040331,-118.253085,POINT(-118.253085 34.040331)
CB3829,801 SANTEE ST,34.040862,-118.2524,POINT(-118.2524 34.040862)
CB3823,801 SANTEE ST,34.040283,-118.253149,POINT(-118.253149 34.040283)
CB3828,801 SANTEE ST,34.040812,-118.252461,POINT(-118.252461 34.040812)
CB656A,801 WALL ST,34.03908,-118.251621,POINT(-118.251621 34.03908)
CB648A,801 WALL ST,34.039967,-118.250674,POINT(-118.250674 34.039967)
CB649A,801 WALL ST,34.039871,-118.250775,POINT(-118.250775 34.039871)
CB657A,801 WALL ST,34.038982,-118.251725,POINT(-118.251725 34.038982)
CB655A,801 WALL ST,34.039233,-118.251458,POINT(-118.251458 34.039233)
CB650,801 WALL ST,34.039818,-118.250833,POINT(-118.250833 34.039818)
CB654,801 WALL ST,34.039381,-118.251301,POINT(-118.251301 34.039381)
CB657,801 WALL ST,34.039038,-118.251665,POINT(-118.251665 34.039038)
CB649,801 WALL ST,34.039911,-118.250734,POINT(-118.250734 34.039911)
CB652A,801 WALL ST,34.039593,-118.251074,POINT(-118.251074 34.039593)
CB658,801 WALL ST,34.038941,-118.251768,POINT(-118.251768 34.038941)
CB653A,801 WALL ST,34.039418,-118.251261,POINT(-118.251261 34.039418)
CT493,801 YALE ST,34.063983,-118.240511,POINT(-118.240511 34.063983)
CT501,801 YALE ST,34.063432,-118.240792,POINT(-118.240792 34.063432)
CT492,801 YALE ST,34.064124,-118.24044,POINT(-118.24044 34.064124)
CT495,801 YALE ST,34.063868,-118.24057,POINT(-118.24057 34.063868)
CT498,801 YALE ST,34.063693,-118.24066,POINT(-118.24066 34.063693)
CT497,801 YALE ST,34.063742,-118.240636,POINT(-118.240636 34.063742)
CT498A,801 YALE ST,34.063621,-118.240695,POINT(-118.240695 34.063621)
C1231,900 30TH ST,34.026671,-118.282009,POINT(-118.282009 34.026671)
C1227,900 30TH ST,34.026858,-118.282431,POINT(-118.282431 34.026858)
C1229,900 30TH ST,34.026798,-118.282294,POINT(-118.282294 34.026798)
C1230,900 30TH ST,34.026699,-118.282074,POINT(-118.282074 34.026699)
C1224,900 30TH ST,34.02695,-118.28264,POINT(-118.28264 34.02695)
C1225,900 30TH ST,34.026919,-118.282568,POINT(-118.282568 34.026919)
C1223,900 30TH ST,34.026974,-118.282693,POINT(-118.282693 34.026974)
C1228,900 30TH ST,34.026831,-118.282371,POINT(-118.282371 34.026831)
C1226,900 30TH ST,34.026892,-118.282505,POINT(-118.282505 34.026892)
CB997,900 8TH ST,34.048119,-118.26173,POINT(-118.26173 34.048119)
CB996,900 8TH ST,34.048081,-118.261658,POINT(-118.261658 34.048081)
CB995,900 8TH ST,34.048053,-118.261602,POINT(-118.261602 34.048053)
CB4480,900 BROADWAY,34.041808,-118.25643,POINT(-118.25643 34.041808)
CB4476,900 BROADWAY,34.041103,-118.257091,POINT(-118.257091 34.041103)
CB4477,900 BROADWAY,34.041141,-118.257056,POINT(-118.257056 34.041141)
CB4479,900 BROADWAY,34.041695,-118.256534,POINT(-118.256534 34.041695)
CB1615,900 FIGUEROA ST,34.045364,-118.263493,POINT(-118.263493 34.045364)
CB1616,900 FIGUEROA ST,34.045416,-118.263447,POINT(-118.263447 34.045416)
CB1618A,900 FIGUEROA ST,34.045558,-118.263286,POINT(-118.263286 34.045558)
CB1618,900 FIGUEROA ST,34.0455,-118.263342,POINT(-118.263342 34.0455)
CB920,900 FLOWER ST,34.044646,-118.262386,POINT(-118.262386 34.044646)
CB926,900 FLOWER ST,34.045417,-118.261667,POINT(-118.261667 34.045417)
CB1145,900 HILL ST,34.042072,-118.257893,POINT(-118.257893 34.042072)
CB1143,900 HILL ST,34.042217,-118.257793,POINT(-118.257793 34.042217)
CB1146,900 HILL ST,34.042676,-118.257358,POINT(-118.257358 34.042676)
CB1144,900 HILL ST,34.042259,-118.257793,POINT(-118.257793 34.042259)
CB1658,900 LOS ANGELES ST,34.040346,-118.254555,POINT(-118.254555 34.040346)
CB1655,900 LOS ANGELES ST,34.040029,-118.255034,POINT(-118.255034 34.040029)
CB1654,900 LOS ANGELES ST,34.039996,-118.255084,POINT(-118.255084 34.039996)
CB1661,900 LOS ANGELES ST,34.040457,-118.254389,POINT(-118.254389 34.040457)
CB1656,900 LOS ANGELES ST,34.040123,-118.254887,POINT(-118.254887 34.040123)
CB1653,900 LOS ANGELES ST,34.039948,-118.255156,POINT(-118.255156 34.039948)
CB1660,900 LOS ANGELES ST,34.040423,-118.254438,POINT(-118.254438 34.040423)
CB1657,900 LOS ANGELES ST,34.040155,-118.254838,POINT(-118.254838 34.040155)
CB681,900 MAPLE AVE,34.03885,-118.253323,POINT(-118.253323 34.03885)
CB682,900 MAPLE AVE,34.038906,-118.25326,POINT(-118.25326 34.038906)
CB683,900 MAPLE AVE,34.038946,-118.253215,POINT(-118.253215 34.038946)
CB684,900 MAPLE AVE,34.039007,-118.25315,POINT(-118.25315 34.039007)
CB4456,900 OLIVE ST,34.043396,-118.25839,POINT(-118.25839 34.043396)
CB4454,900 OLIVE ST,34.043313,-118.258474,POINT(-118.258474 34.043313)
CB4451,900 OLIVE ST,34.043172,-118.258605,POINT(-118.258605 34.043172)
CB4452,900 OLIVE ST,34.043211,-118.258568,POINT(-118.258568 34.043211)
CB4455,900 OLIVE ST,34.043353,-118.258429,POINT(-118.258429 34.043353)
CB4450,900 OLIVE ST,34.043115,-118.258656,POINT(-118.258656 34.043115)
CB2405,900 SAN PEDRO ST,34.036776,-118.250743,POINT(-118.250743 34.036776)
CB2403A,900 SAN PEDRO ST,34.036381,-118.251159,POINT(-118.251159 34.036381)
CB2410,900 SAN PEDRO ST,34.037016,-118.250492,POINT(-118.250492 34.037016)
CB2404,900 SAN PEDRO ST,34.036717,-118.250804,POINT(-118.250804 34.036717)
CB2402,900 SAN PEDRO ST,34.03622,-118.251327,POINT(-118.251327 34.03622)
CB765,900 SANTEE ST,34.039817,-118.253588,POINT(-118.253588 34.039817)
CB761,900 SANTEE ST,34.039563,-118.253945,POINT(-118.253945 34.039563)
CB762,900 SANTEE ST,34.039606,-118.253884,POINT(-118.253884 34.039606)
CB763,900 SANTEE ST,34.039738,-118.253697,POINT(-118.253697 34.039738)
CB758,900 SANTEE ST,34.039437,-118.254114,POINT(-118.254114 34.039437)
CB760,900 SANTEE ST,34.039526,-118.253995,POINT(-118.253995 34.039526)
CB749,900 SANTEE ST,34.039033,-118.254684,POINT(-118.254684 34.039033)
CB750,900 SANTEE ST,34.039071,-118.254629,POINT(-118.254629 34.039071)
CB752,900 SANTEE ST,34.039157,-118.254509,POINT(-118.254509 34.039157)
CB753,900 SANTEE ST,34.039206,-118.254438,POINT(-118.254438 34.039206)
CB757,900 SANTEE ST,34.039387,-118.254187,POINT(-118.254187 34.039387)
CB764,900 SANTEE ST,34.039771,-118.253651,POINT(-118.253651 34.039771)
CB638,900 WALL ST,34.037892,-118.252679,POINT(-118.252679 34.037892)
CB641,900 WALL ST,34.038383,-118.252158,POINT(-118.252158 34.038383)
CB639A,900 WALL ST,34.038177,-118.25238,POINT(-118.25238 34.038177)
CB637A,900 WALL ST,34.037833,-118.252743,POINT(-118.252743 34.037833)
CB643,900 WALL ST,34.038484,-118.25205,POINT(-118.25205 34.038484)
CB637,900 WALL ST,34.037797,-118.252782,POINT(-118.252782 34.037797)
CB639,900 WALL ST,34.038124,-118.252437,POINT(-118.252437 34.038124)
CB20,901 FLOWER ST,34.044992,-118.262361,POINT(-118.262361 34.044992)
CB1298,901 GRAND AVE,34.043951,-118.259897,POINT(-118.259897 34.043951)
CB1150A,901 HILL ST,34.042187,-118.258041,POINT(-118.258041 34.042187)
CB1151A,901 HILL ST,34.042088,-118.258134,POINT(-118.258134 34.042088)
CB1149,901 HILL ST,34.042423,-118.257819,POINT(-118.257819 34.042423)
CB1153A,901 HILL ST,34.041889,-118.258321,POINT(-118.258321 34.041889)
CB1153,901 HILL ST,34.041947,-118.258266,POINT(-118.258266 34.041947)
CB1151,901 HILL ST,34.042146,-118.258079,POINT(-118.258079 34.042146)
CB1149A,901 HILL ST,34.042365,-118.257874,POINT(-118.257874 34.042365)
CB1152,901 HILL ST,34.042047,-118.258173,POINT(-118.258173 34.042047)
CB1153B,901 HILL ST,34.041848,-118.25836,POINT(-118.25836 34.041848)
CB1152A,901 HILL ST,34.041988,-118.258228,POINT(-118.258228 34.041988)
CB1385,901 JAMES M. WOOD BLVD,34.04676,-118.263883,POINT(-118.263883 34.04676)
CB1386,901 JAMES M. WOOD BLVD,34.046725,-118.263805,POINT(-118.263805 34.046725)
CB1390,901 JAMES M. WOOD BLVD,34.046609,-118.263544,POINT(-118.263544 34.046609)
CB1391,901 JAMES M. WOOD BLVD,34.046582,-118.263488,POINT(-118.263488 34.046582)
CB1384,901 JAMES M. WOOD BLVD,34.046784,-118.263938,POINT(-118.263938 34.046784)
CB1387,901 JAMES M. WOOD BLVD,34.046696,-118.26374,POINT(-118.26374 34.046696)
CB1383,901 JAMES M. WOOD BLVD,34.04682,-118.264018,POINT(-118.264018 34.04682)
CB738,901 MAPLE AVE,34.038822,-118.253531,POINT(-118.253531 34.038822)
CB732,901 MAPLE AVE,34.039177,-118.253134,POINT(-118.253134 34.039177)
CB736,901 MAPLE AVE,34.038921,-118.253418,POINT(-118.253418 34.038921)
CB742,901 MAPLE AVE,34.038626,-118.253749,POINT(-118.253749 34.038626)
CB728,901 MAPLE AVE,34.03936,-118.252931,POINT(-118.252931 34.03936)
CT179,901 NORTH BROADWAY,34.066132,-118.236418,POINT(-118.236418 34.066132)
CB4332,901 SAN JULIAN ST,34.037799,-118.251469,POINT(-118.251469 34.037799)
CB4331,901 SAN JULIAN ST,34.037898,-118.251374,POINT(-118.251374 34.037898)
CB4331A,901 SAN JULIAN ST,34.037857,-118.251412,POINT(-118.251412 34.037857)
CB4334,901 SAN JULIAN ST,34.037233,-118.25201,POINT(-118.25201 34.037233)
CB771,901 SANTEE ST,34.039714,-118.253895,POINT(-118.253895 34.039714)
CB775,901 SANTEE ST,34.0394,-118.254338,POINT(-118.254338 34.0394)
CB769,901 SANTEE ST,34.039879,-118.253666,POINT(-118.253666 34.039879)
CB772,901 SANTEE ST,34.039678,-118.253942,POINT(-118.253942 34.039678)
CB774,901 SANTEE ST,34.039528,-118.254157,POINT(-118.254157 34.039528)
CB778,901 SANTEE ST,34.039215,-118.254592,POINT(-118.254592 34.039215)
CB779,901 SANTEE ST,34.039182,-118.254637,POINT(-118.254637 34.039182)
CB768,901 SANTEE ST,34.039919,-118.253607,POINT(-118.253607 34.039919)
WV413,901 TIVERTON AVE,34.06346,-118.44258,POINT(-118.44258 34.06346)
CB660A,901 WALL ST,34.038501,-118.252247,POINT(-118.252247 34.038501)
CB666,901 WALL ST,34.037792,-118.253028,POINT(-118.253028 34.037792)
CB662,901 WALL ST,34.038293,-118.252471,POINT(-118.252471 34.038293)
CB663,901 WALL ST,34.038132,-118.252641,POINT(-118.252641 34.038132)
CB665,901 WALL ST,34.037837,-118.252983,POINT(-118.252983 34.037837)
CB661A,901 WALL ST,34.038332,-118.252429,POINT(-118.252429 34.038332)